ID,Address,Rooms,Type,Price,Date,Bathroom,Car,Landsize,Age,Lattitude,Longtitude
ID291519933,2/23 Foam St,2,u,582500.0,8/10/2016,1.0,1.0,0.0,49.0,-37.885,144.991
ID777648929,6/210 Domain Rd,2,u,832000.0,15/10/2016,1.0,1.0,0.0,59.0,-37.8342,144.9842
ID436934525,52 Richardson St,3,h,508000.0,15/07/2017,2.0,1.0,189.0,29.0,-37.68159,145.0371
ID648123973,17 George St,4,h,875000.0,14/05/2016,3.0,1.0,321.0,69.0,-37.7424,144.8851
ID303786399,1/11 Brockley Rd,3,h,400000.0,22/05/2016,1.0,1.0,285.0,49.0,-37.7161,144.9662
ID617547678,11 Finsbury St,3,h,1130000.0,8/10/2016,1.0,0.0,294.0,119.0,-37.7856,144.9292
ID882289154,99 Weidlich Rd,4,h,925000.0,27/05/2017,2.0,2.0,796.0,24.0,-37.69771,145.1349
ID158548396,11/33 Carmichael St,2,u,485000.0,13/08/2016,1.0,1.0,0.0,84.0,-37.7699,145.0581
ID664160161,112 Belmore Rd,5,h,3020000.0,28/05/2016,3.0,2.0,715.0,10.0,-37.8028,145.0768
ID751105870,168 Gatehouse St,4,h,1717500.0,19/11/2016,2.0,1.0,165.0,144.0,-37.7933,144.9556
ID521458691,39 Kawarren St,4,h,1388800.0,10/09/2016,2.0,1.0,517.0,49.0,-37.783,145.0926
ID574666811,92 Sarissa St,4,h,795000.0,15/07/2017,2.0,2.0,499.0,44.0,-37.66641,144.98781
ID489725634,23/530 Toorak Rd,2,u,511000.0,27/06/2016,1.0,2.0,0.0,49.0,-37.8424,145.0184
ID702426545,10 Bowen St,4,h,1570000.0,12/08/2017,2.0,1.0,455.0,119.0,-37.9016,145.08293999999995
ID327675251,1 Mendip Rd,3,h,1025000.0,27/11/2016,1.0,4.0,670.0,84.0,-37.7242,145.0154
ID297073611,21 Simpson St,3,h,2775000.0,12/08/2017,1.0,2.0,901.0,36.0,-37.78062,145.00627
ID644945599,273 Glenlyon Rd,2,h,1222500.0,19/11/2016,1.0,2.0,487.0,79.0,-37.7737,144.9822
ID948669988,10 Avon St,3,h,980000.0,4/03/2017,1.0,2.0,623.0,69.0,-37.9404,145.046
ID761649908,7 Salvatore Ct,3,h,600000.0,22/08/2016,2.0,2.0,579.0,20.0,-37.7968,144.7991
ID240022322,18 Achilles St,2,h,415000.0,28/05/2016,1.0,1.0,422.0,59.0,-37.7343,145.04399999999995
ID140132871,215 Neerim Rd,3,h,950000.0,14/05/2016,1.0,1.0,586.0,49.0,-37.88800000000001,145.0505
ID642322468,140 Essex St,2,h,912500.0,3/12/2016,1.0,1.0,444.0,79.0,-37.7933,144.876
ID530360996,20/30 Mona Pl,2,u,572000.0,4/06/2016,1.0,1.0,0.0,59.0,-37.8368,144.9857
ID798475871,6 Lock St,4,h,752500.0,18/03/2017,1.0,2.0,0.0,69.0,-37.7106,144.9682
ID525928130,14 Charles St,3,t,935000.0,19/11/2016,2.0,2.0,230.0,7.0,-37.9179,145.0592
ID417659183,3 Sylvan Ct,3,h,1851000.0,13/05/2017,2.0,2.0,618.0,59.0,-37.7817,145.0391
ID778210022,7 Londrew Ct,3,h,540000.0,26/08/2017,1.0,1.0,607.0,49.0,-37.69423,144.88002
ID915249992,1/233 Huntingdale Rd,3,u,637000.0,26/07/2016,1.0,2.0,119.0,49.0,-37.9058,145.1043
ID259384329,2/2 Bellevue Tce,2,u,495000.0,7/05/2016,1.0,2.0,205.0,29.0,-37.7317,144.9313
ID703043737,54a Hornby St,2,h,1045000.0,4/03/2017,1.0,2.0,118.0,26.0,-37.855,144.9961
ID425523975,8 Ferrars Pl,4,h,4100000.0,27/05/2017,2.0,1.0,403.0,119.0,-37.83737,144.95799
ID984460328,1/191 New St,2,u,900000.0,14/05/2016,2.0,1.0,118.0,49.0,-37.914,144.9914
ID968733200,241 Buckley St,4,h,1380000.0,12/08/2017,2.0,2.0,766.0,139.0,-37.75595,144.90551000000005
ID149031864,15 Carnon St,3,h,895000.0,24/06/2017,2.0,2.0,1036.0,65.0,-37.69538,145.11543
ID375478471,7 Carbon Ct,3,h,531000.0,3/06/2017,2.0,1.0,805.0,14.0,-37.89568,144.65733
ID869761745,26 Buninyong St,3,h,1370000.0,20/05/2017,2.0,2.0,389.0,44.0,-37.8181,144.8882
ID385442365,1/14 Durward Rd,4,t,1240000.0,18/03/2017,2.0,2.0,310.0,29.0,-37.8822,145.0837
ID397470800,157 Swanston St,4,h,990000.0,6/08/2016,2.0,2.0,652.0,46.0,-37.7573,145.0994
ID141893090,581 Waterdale Rd,2,h,532000.0,27/05/2017,2.0,1.0,220.0,69.0,-37.73549000000001,145.0487
ID302045610,2/36 Alpine Gr,3,t,600000.0,27/11/2016,2.0,1.0,122.0,21.0,-37.7231,144.9373
ID772909485,11/108 Elgin St,2,u,995000.0,22/04/2017,2.0,1.0,0.0,19.0,-37.7973,144.9712
ID920209952,15/60 Farnham St,2,u,505000.0,22/07/2017,1.0,1.0,0.0,64.0,-37.78257,144.93106
ID301213708,1/16 Finlayson St,2,t,910000.0,3/06/2017,1.0,2.0,195.0,44.0,-37.86916,145.03565
ID919777674,3 Mell St,5,h,2170000.0,17/09/2016,1.0,0.0,333.0,49.0,-37.8474,145.0063
ID523767651,21 Millicent Av,4,h,1225000.0,16/09/2017,1.0,2.0,753.0,59.0,-37.77592,145.09714
ID847439412,2A Goodrich St,3,h,900000.0,29/07/2017,2.0,2.0,264.0,5.0,-37.91155,145.076
ID846943074,7 Keogh St,3,h,1300000.0,3/12/2016,1.0,2.0,773.0,59.0,-37.8562,145.1104
ID747805990,40 Ironbark Dr,8,h,1150000.0,4/06/2016,4.0,3.0,668.0,54.0,-37.7733,145.1198
ID516442034,163 Rowans Rd,3,h,836000.0,3/12/2016,1.0,4.0,695.0,49.0,-37.9364,145.0559
ID316611788,2/20 Albenca St,3,t,881000.0,19/08/2017,2.0,1.0,332.0,39.0,-37.98001,145.07457
ID271099200,29 Gillespie Rd,3,h,626000.0,19/08/2017,1.0,2.0,557.0,34.0,-37.734970000000004,144.7864
ID980271172,3/28 Ormond Rd,2,u,432000.0,15/10/2016,1.0,1.0,0.0,41.0,-37.773,144.9303
ID967546892,22 Cullen St,2,h,782500.0,19/08/2017,1.0,1.0,243.0,19.0,-37.82859000000001,144.87947
ID871927329,6/21 Wynnstay Rd,3,t,1450000.0,19/11/2016,2.0,3.0,1958.0,24.0,-37.8526,145.0106
ID618170190,76 Kenmare St,2,h,650000.0,26/08/2017,1.0,1.0,210.0,13.0,-37.70657,145.07878
ID460295891,12/25 Byron St,1,u,410000.0,7/11/2016,1.0,1.0,1045.0,8.0,-37.802,144.9516
ID549969911,601/616 Little Collins St,4,u,1850000.0,8/04/2017,2.0,1.0,0.0,81.0,-37.8177,144.9544
ID885831359,8 Brownlow Cr,3,h,561000.0,12/08/2017,1.0,0.0,518.0,8.0,-37.64887,145.04254
ID178765503,84 Chestnut St,2,h,831000.0,22/05/2016,1.0,0.0,128.0,4.0,-37.8291,144.9952
ID202590258,40 Lowson St,3,h,668000.0,29/04/2017,1.0,1.0,540.0,59.0,-37.6992,144.9739
ID766191024,15 Kwinana Ct,3,h,1223500.0,22/08/2016,2.0,2.0,721.0,39.0,-37.758,145.0408
ID887065539,13 Andrew St,3,h,1900000.0,16/04/2016,1.0,1.0,522.0,109.0,-37.7752,145.0032
ID235075919,6 Kennedy St,3,h,1365000.0,17/09/2016,1.0,1.0,301.0,84.0,-37.8134,145.0055
ID984944516,1 Sutherland St,4,h,1145000.0,12/11/2016,2.0,2.0,480.0,99.0,-37.7402,144.9607
ID990618917,119 Boldrewood Pde,3,h,930000.0,16/09/2017,1.0,2.0,735.0,129.0,-37.714909999999996,145.02191000000005
ID872298390,6 Irene Pl,3,h,1530000.0,18/03/2017,1.0,0.0,231.0,49.0,-37.8498,145.0039
ID446875014,25 Cedar Dr,3,h,870000.0,3/12/2016,2.0,2.0,392.0,4.0,-37.774,144.8744
ID934103822,25 Bolinda Rd,4,h,1905000.0,3/12/2016,2.0,2.0,647.0,64.0,-37.7917,145.0868
ID820882402,18 Middle Rd,5,h,2700000.0,17/09/2016,3.0,2.0,802.0,25.0,-37.8442,145.0578
ID973473550,378 Manningham Rd,4,h,1401000.0,25/02/2017,3.0,2.0,650.0,49.0,-37.7785,145.1212
ID188572741,37 Pascall St,4,h,1480000.0,16/09/2017,2.0,2.0,695.0,49.0,-37.86127000000001,145.14271000000005
ID304107761,28 Flinders St,2,h,903000.0,26/07/2016,1.0,1.0,591.0,54.0,-37.7679,145.0978
ID511391233,1 Arnot St,5,h,2500000.0,10/12/2016,3.0,2.0,634.0,14.0,-37.9126,145.013
ID678344117,4/20 Wetherby Rd,2,u,452000.0,23/04/2016,1.0,1.0,67.0,44.0,-37.7887,145.1436
ID161818537,2/11 French St,3,u,542000.0,1/07/2017,2.0,2.0,213.0,49.0,-37.677479999999996,145.01791
ID304971804,21 Park Rd,5,h,2100000.0,27/11/2016,3.0,2.0,696.0,30.0,-37.8478,145.0566
ID279933476,23 Solway St,4,h,2220000.0,13/05/2017,3.0,2.0,480.0,3.0,-37.8726,145.0716
ID880633464,129 Liberty Pde,3,h,625000.0,28/05/2016,1.0,2.0,609.0,69.0,-37.7504,145.0335
ID538154818,1/73 Flinders St,2,u,462000.0,13/05/2017,1.0,1.0,0.0,49.0,-37.7561,145.0067
ID638185645,37 Roxburgh St,3,h,1306000.0,15/07/2017,1.0,0.0,199.0,119.0,-37.77561,144.91695
ID569308522,5 Valdemar Ct,3,h,1743000.0,13/05/2017,1.0,2.0,590.0,94.0,-37.9287,145.0273
ID508724154,3/23 Walstab St,3,u,1245000.0,28/05/2016,2.0,1.0,227.0,21.0,-37.9191,145.0074
ID218415083,1/5 Dunoon St,2,u,420500.0,22/04/2017,1.0,1.0,0.0,69.0,-37.8913,145.0673
ID668464593,2 Barkly St,3,t,800000.0,18/06/2016,3.0,2.0,0.0,49.0,-37.7788,144.9776
ID927878830,8/129 The Parade,1,u,390000.0,12/11/2016,1.0,1.0,0.0,47.0,-37.7723,144.9094
ID892246674,15/104 Rowena Pde,1,u,355000.0,24/06/2017,1.0,0.0,1082.0,49.0,-37.8211,144.99549
ID882408106,4/54 Hawker St,2,u,462500.0,16/07/2016,1.0,1.0,164.0,16.0,-37.7218,144.8863
ID990235014,17 John St,2,h,1225000.0,27/05/2017,1.0,2.0,567.0,79.0,-37.90193,145.10107
ID933322228,52a Williamstown Rd,2,h,730000.0,12/11/2016,2.0,0.0,84.0,119.0,-37.8058,144.8846
ID476437526,2/530 Victoria St,2,u,497000.0,28/05/2016,1.0,1.0,0.0,42.0,-37.7647,144.9412
ID250178258,2/65 Westbank Tce,1,u,500000.0,3/09/2016,1.0,1.0,0.0,18.0,-37.8226,145.013
ID248137025,4/435 Main Rd,3,u,569000.0,3/06/2017,1.0,2.0,280.0,32.0,-37.73103,145.13404
ID111980496,533 Sayers Rd,4,h,1305000.0,3/06/2017,2.0,0.0,4606.0,22.0,-37.849309999999996,144.6942
ID381623568,187 Southern Rd,2,h,715000.0,25/02/2017,1.0,3.0,609.0,69.0,-37.7415,145.0391
ID669079203,5 Hibiscus Rd,4,h,1250000.0,12/08/2017,2.0,2.0,580.0,54.0,-37.8051,145.14351000000005
ID982339217,151 McBryde St,3,h,640000.0,10/12/2016,1.0,2.0,720.0,69.0,-37.7043,144.9769
ID948065043,28 Raymond St,3,h,1250000.0,3/12/2016,1.0,1.0,842.0,69.0,-37.867,145.1092
ID563443252,2/146 Blyth St,2,u,510000.0,16/04/2016,1.0,1.0,0.0,21.0,-37.7671,144.9746
ID197069786,19 Oxford St,3,h,785000.0,17/06/2017,1.0,1.0,602.0,19.0,-37.70342,144.94574
ID734590187,16 Woodfull Wy,4,h,681000.0,19/08/2017,2.0,2.0,647.0,39.0,-37.64213,145.06141000000005
ID317994781,2/2 St Kinnord St,1,u,380000.0,3/12/2016,1.0,1.0,0.0,29.0,-37.7561,144.9028
ID603486499,16/43 Arndt Rd,2,u,541000.0,22/07/2017,1.0,1.0,133.0,9.0,-37.72136,144.92932
ID904211492,206 Waiora Rd,4,h,1610000.0,18/06/2016,1.0,4.0,1613.0,59.0,-37.7324,145.0606
ID545561993,113 Wilson St,3,h,1007500.0,16/09/2017,1.0,1.0,450.0,99.0,-37.76375,144.93701000000001
ID671984535,74 Challis St,4,h,1560000.0,6/05/2017,2.0,3.0,480.0,79.0,-37.8439,144.8733
ID980132383,14/24 Rosella St,1,u,256500.0,18/06/2016,1.0,1.0,0.0,53.0,-37.8944,145.0733
ID828918808,32 Holloway Rd,3,h,1405000.0,27/05/2017,2.0,2.0,401.0,99.0,-37.76491,144.95253
ID836640052,163 Oakleigh Rd,3,h,1435000.0,3/06/2017,2.0,2.0,430.0,81.0,-37.900079999999996,145.06187
ID487804656,4 Hillard St,3,h,1690000.0,24/06/2017,1.0,2.0,706.0,89.0,-37.88066,145.06605
ID372198174,5 Ballarat Rd,2,h,640000.0,20/05/2017,1.0,2.0,206.0,79.0,-37.7887,144.8828
ID366628811,32/2 Exhibition St,1,u,700000.0,19/11/2016,1.0,1.0,0.0,99.0,-37.8157,144.9727
ID156295256,5/8 Swan St,2,t,380000.0,10/09/2016,1.0,1.0,161.0,9.0,-37.7251,144.8621
ID715824920,23 Gardner St,3,t,1012000.0,27/06/2016,2.0,1.0,80.0,59.0,-37.8155,145.0061
ID700217901,21 Hughes Pde,3,h,758000.0,3/09/2017,1.0,2.0,558.0,69.0,-37.69968,145.0054
ID678344117,4/20 Wetherby Rd,2,u,452000.0,23/04/2016,1.0,1.0,67.0,44.0,-37.7887,145.1436
ID918443539,7/7 Chandler Hwy,2,t,650000.0,24/09/2016,1.0,0.0,0.0,59.0,-37.7848,145.025
ID168454796,191 Ohea St,4,h,905000.0,4/06/2016,2.0,1.0,439.0,109.0,-37.7363,144.9507
ID633150280,21A Vincent St,3,h,985000.0,13/05/2017,1.0,2.0,391.0,29.0,-37.7418,144.9562
ID520552882,24/302 Abbotsford St,2,u,540000.0,3/12/2016,1.0,1.0,0.0,49.0,-37.7994,144.9464
ID798268712,67 Yarra St,3,h,1402500.0,27/05/2017,1.0,1.0,270.0,59.0,-37.8023,144.99615
ID986790939,32 Carnarvon Rd,4,h,1140000.0,8/07/2017,2.0,2.0,0.0,14.0,-37.73831,144.91114
ID215093228,158 Morris St,3,h,580000.0,10/09/2016,1.0,1.0,469.0,69.0,-37.7923,144.8289
ID513623490,72 Bloomfield Rd,2,h,1020000.0,13/05/2017,1.0,1.0,226.0,99.0,-37.7761,144.9165
ID380828484,110 Ingles St,2,h,790000.0,24/09/2016,1.0,1.0,108.0,59.0,-37.8329,144.9463
ID140531115,5 Gould St,4,h,926000.0,3/09/2017,1.0,5.0,565.0,19.0,-37.72525,144.96583
ID421008002,115 North Rd,3,h,1046000.0,15/10/2016,2.0,2.0,284.0,129.0,-37.8446,144.8861
ID550544507,1/569 Camberwell Rd,2,h,950000.0,4/06/2016,1.0,2.0,230.0,25.0,-37.8448,145.0723
ID321410042,53 Mossfiel Dr,3,h,541000.0,15/07/2017,1.0,2.0,623.0,47.0,-37.87386,144.69317
ID276209981,24 Fletcher St,4,h,2100000.0,3/09/2017,2.0,3.0,920.0,29.0,-37.7554,144.92351000000005
ID305458642,67 Norfolk St,3,h,840000.0,10/12/2016,1.0,1.0,584.0,119.0,-37.7885,144.8771
ID585895569,1/8 Paw Paw Rd,2,h,507000.0,25/02/2017,1.0,2.0,191.0,5.0,-37.8226,144.8392
ID524824742,29 Kilmore Cr,3,h,475000.0,19/08/2017,1.0,2.0,560.0,54.0,-37.67345,144.92526
ID297355182,83 Challis St,5,h,1220000.0,10/09/2016,3.0,2.0,681.0,99.0,-37.8426,144.8731
ID615001185,1/105 Cochrane St,3,u,826000.0,14/05/2016,1.0,2.0,119.0,69.0,-37.8958,144.9994
ID158059620,6 Hill St,3,h,815000.0,25/02/2017,2.0,3.0,555.0,59.0,-37.8318,144.8388
ID445402119,2 Fairmount Rd,4,h,2320000.0,3/06/2017,2.0,2.0,528.0,39.0,-37.835390000000004,145.0431
ID765161314,30 Pyne St,4,h,131000.0,25/02/2017,1.0,2.0,499.0,99.0,-37.8864,145.0242
ID219907690,4/6 Riverview Rd,2,u,606000.0,12/11/2016,1.0,2.0,0.0,47.0,-37.7598,144.9128
ID214604869,1/24 Eldridge St,2,u,296000.0,27/11/2016,1.0,1.0,0.0,104.0,-37.789,144.8932
ID300757778,46 Jacana St,4,h,650000.0,15/07/2017,1.0,2.0,660.0,49.0,-37.97918,145.18825
ID234157805,1/21 Crookston Rd,3,h,550000.0,27/06/2016,2.0,2.0,260.0,13.0,-37.7106,145.0225
ID983974447,1/43 Surrey St,2,h,478000.0,27/05/2017,1.0,1.0,0.0,59.0,-37.72436,144.94855
ID988596885,3/555 Punt Rd,2,u,642000.0,13/05/2017,1.0,1.0,595.0,49.0,-37.8422,144.9855
ID275992941,38 Galeka St,3,h,875000.0,8/04/2017,1.0,1.0,592.0,3.0,-37.72,144.9577
ID670060847,8 Mitchell St,4,h,1340000.0,8/07/2017,1.0,3.0,697.0,99.0,-37.78352,144.88981
ID778514080,2/2 Clifton Rd,2,u,840000.0,18/03/2017,1.0,1.0,150.0,50.0,-37.844,145.0496
ID676147185,10 Beryl St,3,h,1390000.0,24/06/2017,1.0,2.0,793.0,17.0,-37.74944,144.88478999999995
ID610725243,1 Carina Dr,5,h,460000.0,3/09/2017,2.0,2.0,590.0,27.0,-37.68217,144.56926
ID592522074,23 Campbell St,3,h,1875000.0,10/09/2016,2.0,2.0,426.0,19.0,-37.8012,145.0514
ID560864420,32 Epsom Rd,2,h,825000.0,14/05/2016,1.0,1.0,211.0,104.0,-37.7925,144.9264
ID913642077,85 Martins La,4,h,920250.0,4/03/2017,2.0,2.0,558.0,49.0,-37.7328,145.0916
ID520412033,45 Albert St,2,h,769000.0,18/06/2016,1.0,1.0,265.0,49.0,-37.853,144.8928
ID321540545,26 Southern Rd,2,h,460000.0,28/05/2016,1.0,2.0,508.0,64.0,-37.7428,145.0557
ID922882756,52 The Boulevard,3,h,831000.0,24/06/2017,1.0,2.0,651.0,69.0,-37.67856,145.01728
ID154221684,49 Dalny Rd,3,h,1100000.0,27/06/2016,2.0,2.0,506.0,69.0,-37.902,145.0705
ID740526503,4/170 Oxford St,3,u,950000.0,4/03/2017,2.0,1.0,15900.0,19.0,-37.8035,144.985
ID670783864,78 Dickens St,4,h,2200000.0,27/06/2016,3.0,2.0,348.0,119.0,-37.8748,144.9778
ID492351305,13/27 Patterson Rd,2,u,650000.0,10/12/2016,1.0,1.0,116.0,59.0,-37.9245,145.0336
ID191535375,36 Derby St,3,t,1345000.0,22/05/2016,2.0,1.0,310.0,89.0,-37.7639,144.9126
ID834864439,5 Flourish Wy,4,h,463000.0,22/07/2017,2.0,2.0,358.0,7.0,-37.91807,144.63816
ID559015476,21 Beatrice St,3,h,1665000.0,27/06/2016,1.0,2.0,685.0,78.0,-37.8538,145.0842
ID627240753,7 Vive St,3,h,446000.0,22/07/2017,2.0,2.0,326.0,7.0,-37.85037,144.66179
ID488548929,252 Millers Rd,4,h,693000.0,22/05/2016,2.0,4.0,315.0,11.0,-37.8391,144.8467
ID357472933,9 Middleton St,3,h,834500.0,9/09/2017,1.0,4.0,685.0,74.0,-37.78481,144.8623
ID303223533,44 Garton St,4,t,2455000.0,26/08/2017,3.0,2.0,123.0,9.0,-37.83349000000001,144.9484
ID955088433,7/88 Ireland St,3,t,1120000.0,25/02/2017,3.0,1.0,801.0,11.0,-37.8067,144.9435
ID139967086,9/63 Ormond Rd,2,u,550000.0,6/08/2016,1.0,1.0,0.0,59.0,-37.8839,144.9855
ID734118092,4/135 Grange Rd,1,u,600000.0,23/09/2017,1.0,1.0,100.0,59.0,-37.89154,145.04483000000005
ID733180073,5/9 Dickens St,2,u,600000.0,24/09/2016,1.0,1.0,0.0,59.0,-37.8715,144.9873
ID484516781,18 Stewart St,3,h,1455000.0,23/09/2017,2.0,2.0,351.0,109.0,-37.81111,144.88759
ID279313678,12 Hornsby St,4,h,2300000.0,4/06/2016,2.0,2.0,599.0,42.0,-37.8493,145.0395
ID538653178,10 Abbotsford Gr,3,h,1605000.0,12/11/2016,2.0,2.0,608.0,99.0,-37.7702,145.0398
ID661920857,7/27 Robe St,2,u,365000.0,1/07/2017,1.0,1.0,881.0,26.0,-37.86476,144.97826
ID992896994,7/6 Osborne Ct,1,u,400000.0,15/10/2016,1.0,1.0,0.0,69.0,-37.8155,145.0161
ID219242140,5/69 Edinburgh St,2,u,350000.0,26/07/2016,1.0,1.0,0.0,49.0,-37.7857,144.9244
ID143460437,2/42 Grattan Pl,2,u,720000.0,24/06/2017,1.0,1.0,3481.0,109.0,-37.80087,144.96622
ID365221715,29 Oak St,4,h,3900000.0,27/05/2017,2.0,1.0,595.0,17.0,-37.813959999999994,145.01899
ID454552583,308/633 Church St,3,u,790000.0,8/04/2017,1.0,1.0,0.0,20.0,-37.833,144.997
ID400442133,95 Pellatt St,4,h,1611000.0,12/08/2017,2.0,2.0,650.0,64.0,-37.98354000000001,145.04261
ID779441935,6/226 Moor St,2,u,630000.0,27/06/2016,1.0,1.0,0.0,12.0,-37.8024,144.9835
ID545598957,21 Webb St,4,h,1420000.0,3/09/2017,3.0,2.0,1209.0,19.0,-37.7396,145.22218999999996
ID500610183,2/150 Arden St,2,u,440000.0,16/04/2016,1.0,1.0,0.0,59.0,-37.8004,144.9465
ID530117201,14 Murdock St,3,h,976000.0,14/05/2016,2.0,1.0,240.0,14.0,-37.756,144.9587
ID569212789,10/8 Anzac St,1,u,270000.0,30/07/2016,1.0,1.0,0.0,51.0,-37.885999999999996,145.0659
ID459595234,5/1 Clyde St,2,u,505000.0,10/09/2016,1.0,1.0,0.0,49.0,-37.7608,145.0059
ID821968343,9/99 Verdon St,2,u,490000.0,22/04/2017,1.0,1.0,0.0,29.0,-37.8588,144.8919
ID178132466,183a High St,3,u,751800.0,27/11/2016,1.0,2.0,109.0,18.0,-37.7749,145.1138
ID232791920,65 Charlotte St,3,h,800000.0,10/12/2016,2.0,1.0,0.0,49.0,-37.8352,144.8661
ID964999923,19 Audley St,4,h,1136000.0,18/03/2017,3.0,1.0,420.0,99.0,-37.7501,144.96200000000005
ID517862863,60 Cross St,3,h,878000.0,15/07/2017,2.0,2.0,163.0,6.0,-37.80069,144.88199
ID885420422,29 Charlotte St,3,h,901000.0,22/05/2016,1.0,1.0,557.0,119.0,-37.8378,144.8657
ID835150138,6 Manyung Ct,3,h,770000.0,9/09/2017,1.0,1.0,591.0,56.0,-38.09864,145.13128999999995
ID356179580,11 Henderson St,4,h,1500000.0,12/08/2017,2.0,3.0,444.0,22.0,-37.7628,144.94011
ID618937903,19 Thomas St,3,h,2325000.0,7/05/2016,2.0,2.0,1133.0,89.0,-37.8426,145.0943
ID543668144,11 Abbotsford Gr,4,h,2090000.0,25/02/2017,3.0,2.0,608.0,39.0,-37.7705,145.0396
ID226570346,4 Apollo Pl,4,h,657000.0,25/02/2017,2.0,4.0,651.0,44.0,-37.7914,144.7918
ID396907676,145 George St,4,h,962000.0,16/09/2017,2.0,3.0,724.0,34.0,-37.88919,145.2165
ID193989720,20 Astley St,4,h,1209000.0,26/07/2016,2.0,2.0,770.0,54.0,-37.7617,145.1065
ID915415863,470 Barry Rd,3,h,455000.0,29/07/2017,1.0,1.0,562.0,11.0,-37.665079999999996,144.93506000000005
ID827797429,9 Wall St,2,h,1341000.0,27/05/2017,1.0,0.0,135.0,129.0,-37.82241,145.00235
ID812958021,12 Rudyard St,3,h,920000.0,7/05/2016,1.0,3.0,583.0,64.0,-37.9272,145.0804
ID523476021,9/11 Currajong St,2,u,250000.0,12/11/2016,1.0,1.0,0.0,49.0,-37.711,144.9178
ID981974975,4/76 Railway Rd,2,u,516000.0,6/08/2016,1.0,1.0,0.0,99.0,-37.889,145.0533
ID854896148,1 Markstone Ct,2,h,710000.0,4/03/2017,1.0,2.0,619.0,76.0,-37.7794,144.8395
ID775710917,41 Queen St,3,h,1690000.0,27/06/2016,2.0,2.0,692.0,13.0,-37.9043,145.0358
ID338969543,45 Stanley St,2,h,1220000.0,12/08/2017,1.0,2.0,829.0,59.0,-37.71259000000001,144.91218999999995
ID350675019,9/285 Barkly St,1,u,470000.0,8/07/2017,1.0,1.0,548.0,10.0,-37.87312,144.97986
ID273951130,20 Normdale Rd,3,h,965000.0,7/05/2016,1.0,4.0,574.0,49.0,-37.9309,145.0685
ID711677945,243 Essex St,2,h,749000.0,24/06/2017,1.0,1.0,369.0,18.0,-37.79221,144.86408
ID132992988,16 Lynch Rd,3,h,775000.0,3/06/2017,1.0,2.0,621.0,59.0,-37.711929999999995,144.974
ID356650090,9/99 Barton St,2,u,335000.0,13/08/2016,1.0,1.0,0.0,7.0,-37.7112,144.9989
ID797034446,1/572 Moreland Rd,3,t,797500.0,11/02/2017,2.0,2.0,262.0,9.0,-37.7519,144.9324
ID151567579,2/50 Tower Rd,2,h,335000.0,15/07/2017,1.0,1.0,190.0,39.0,-37.90423,144.67008
ID712229561,5 Halpin St,3,h,1200000.0,4/06/2016,1.0,1.0,600.0,49.0,-37.769,144.9478
ID111940431,1/1 Glen Iris Rd,3,t,1300000.0,6/08/2016,2.0,2.0,342.0,59.0,-37.8433,145.0695
ID798244702,22 Alfred St,3,h,1080000.0,18/03/2017,1.0,0.0,234.0,119.0,-37.8051,144.8858
ID234885693,112 Baroda St,4,h,2070000.0,12/08/2017,3.0,2.0,291.0,79.0,-37.77784000000001,144.93482
ID649065040,31 Carrolls La,3,h,535000.0,12/08/2017,1.0,0.0,4000.0,21.0,-37.50087,144.48571
ID435622588,55/4 Seisman Pl,2,u,1030000.0,29/04/2017,2.0,2.0,21715.0,14.0,-37.8424,144.9449
ID613553513,373 Brunswick Rd,3,h,1300000.0,8/04/2017,2.0,3.0,299.0,94.0,-37.7759,144.952
ID458253297,94 Davies St,4,h,1385000.0,13/05/2017,2.0,4.0,650.0,69.0,-37.7575,144.9716
ID425923362,2 McArthur St,4,h,1617000.0,24/09/2016,1.0,0.0,337.0,94.0,-37.8575,145.0392
ID768551877,366 Toorak Rd,3,h,1700000.0,27/11/2016,1.0,1.0,178.0,125.0,-37.8404,145.0022
ID457832857,46 Eglinton St,4,h,1525000.0,26/08/2017,3.0,1.0,233.0,49.0,-37.768840000000004,144.91708
ID940375840,1/57 Blyth St,3,u,730000.0,16/04/2016,2.0,1.0,70.0,29.0,-37.868,144.8287
ID218675748,1/11 New St,3,u,508000.0,25/02/2017,1.0,2.0,144.0,39.0,-37.8268,144.8675
ID466492156,13 Garnet St,2,h,700000.0,16/04/2016,1.0,1.0,214.0,109.0,-37.7462,145.0044
ID431471714,106 Outlook Dr,3,h,600000.0,22/05/2016,1.0,4.0,541.0,51.0,-37.7051,144.9069
ID835741361,2/6 Redan St,2,u,481000.0,16/07/2016,1.0,1.0,0.0,53.0,-37.8596,144.9889
ID942076564,19 Kent Rd,3,h,928000.0,18/06/2016,1.0,1.0,307.0,129.0,-37.8247,145.1206
ID933373204,67 McEwan Rd,3,h,1010000.0,27/05/2017,1.0,2.0,648.0,6.0,-37.73658,145.05341
ID377308119,18 Arnold St,3,h,635000.0,17/06/2017,1.0,4.0,585.0,69.0,-37.97267,145.18262
ID127432342,8/33 Rankins Rd,1,u,370000.0,22/08/2016,1.0,2.0,0.0,10.0,-37.7896,144.9321
ID484516781,18 Stewart St,3,h,1455000.0,23/09/2017,2.0,2.0,351.0,109.0,-37.81111,144.88759
ID940083986,23 The Crescent,3,h,1260000.0,29/07/2017,1.0,0.0,642.0,13.0,-37.946909999999995,145.04935
ID957258597,39 Ferguson St,3,h,1100000.0,25/02/2017,1.0,1.0,420.0,20.0,-37.9108,145.0121
ID635892797,15/20 Florence Rd,3,u,880000.0,11/02/2017,1.0,2.0,217.0,49.0,-37.8287,145.1014
ID973812130,14 Baird St,4,h,655000.0,27/11/2016,1.0,3.0,664.0,49.0,-37.7063,144.9712
ID392505343,16 Altona St,2,h,1110000.0,20/05/2017,1.0,0.0,155.0,8.0,-37.7989,144.9275
ID854069726,15 Bliburg St,3,h,460000.0,24/09/2016,1.0,1.0,601.0,59.0,-37.6889,144.9109
ID975709168,19 Kannan Bvd,4,h,882000.0,10/12/2016,2.0,2.0,393.0,11.0,-37.7763,144.8543
ID205329500,3/136 Hoffmans Rd,2,u,405000.0,24/09/2016,1.0,1.0,121.0,49.0,-37.7401,144.8923
ID881395301,24 Lyell St,3,h,1250000.0,17/09/2016,2.0,1.0,108.0,129.0,-37.8363,144.9509
ID311976872,8/89 Ballantyne St,1,u,245000.0,22/05/2016,1.0,1.0,0.0,49.0,-37.7581,144.9944
ID191414014,1/209 Purinuan Rd,2,t,652000.0,13/05/2017,2.0,2.0,254.0,12.0,-37.7071,145.0108
ID551675594,20 Glenard Dr,4,h,2309000.0,28/08/2016,3.0,2.0,1177.0,59.0,-37.7652,145.0687
ID736585795,26 Ayr St,6,h,1430000.0,16/04/2016,2.0,1.0,461.0,119.0,-37.78,144.9295
ID726526364,49 Lisson Gr,4,h,7650000.0,17/06/2017,2.0,4.0,1690.0,156.0,-37.82652,145.03052
ID583822870,3/1 Elm St,1,u,480000.0,13/08/2016,1.0,1.0,0.0,79.0,-37.8128,145.0171
ID234268709,11 Melball St,3,h,1266000.0,24/09/2016,1.0,3.0,676.0,49.0,-37.9307,145.0531
ID425333866,20 Grace St,3,h,1450000.0,25/02/2017,2.0,2.0,542.0,3.0,-37.811,144.8844
ID569308522,5 Valdemar Ct,3,h,1743000.0,13/05/2017,1.0,2.0,590.0,94.0,-37.9287,145.0273
ID896387835,55 Daley St,3,h,610000.0,3/12/2016,1.0,3.0,640.0,59.0,-37.6979,144.9335
ID568930296,5/82 Gooch St,2,u,432500.0,27/06/2016,1.0,1.0,748.0,54.0,-37.7587,145.0064
ID693392719,2 Julie Ct,3,h,1650000.0,17/06/2017,1.0,2.0,964.0,61.0,-37.86572,145.09763
ID729494155,47 Cardinal Rd,4,h,1217500.0,24/09/2016,3.0,2.0,693.0,5.0,-37.7111,144.9275
ID450420259,19 Hunter St,2,h,890000.0,14/05/2016,1.0,1.0,225.0,109.0,-37.7663,145.0009
ID356846067,74 Barkly St,4,h,1950000.0,14/05/2016,2.0,2.0,233.0,129.0,-37.7786,144.9818
ID175227307,1/29 Grant St,2,u,1211000.0,20/05/2017,1.0,1.0,259.0,49.0,-37.8718,145.0526
ID391605357,9/3 Rae Ct,2,u,660000.0,27/05/2017,1.0,1.0,0.0,119.0,-37.85672,145.00273
ID766175885,2b York Rd,5,h,1650000.0,22/05/2016,2.0,2.0,400.0,59.0,-37.8572,145.0555
ID528936039,29 Collins St,2,h,1211000.0,25/02/2017,1.0,0.0,302.0,104.0,-37.7549,145.0035
ID289128533,5 Eastgate St,5,h,1750000.0,24/06/2017,2.0,2.0,546.0,84.0,-37.90465,145.08893999999995
ID867588825,9 Gresford St,3,h,630000.0,10/12/2016,1.0,4.0,625.0,29.0,-37.7695,144.8347
ID321416479,30 Charles St,4,h,1350000.0,15/10/2016,1.0,1.0,370.0,79.0,-37.7728,144.9639
ID653110831,208/465 MacAulay Rd,2,u,460000.0,23/04/2016,1.0,1.0,0.0,9.0,-37.7948,144.9314
ID821949664,50 Albion Cr,4,h,770000.0,29/07/2017,2.0,2.0,789.0,44.0,-37.696459999999995,145.12163
ID187222141,64 Magnolia Ct,4,h,1325000.0,17/09/2016,3.0,2.0,740.0,51.0,-37.7728,145.1271
ID129868455,2/36 Prospect St,4,t,607000.0,18/03/2017,3.0,2.0,0.0,5.0,-37.7102,144.9112
ID729453071,64 Havelock St,2,h,1200500.0,24/09/2016,1.0,0.0,201.0,104.0,-37.8654,144.9809
ID304055699,29 Evan St,3,h,1250000.0,16/09/2017,1.0,2.0,802.0,59.0,-37.98752,145.08358
ID652534147,56 Maude Av,2,h,605000.0,9/09/2017,1.0,2.0,378.0,64.0,-37.70175,144.93578
ID751101835,14 New St,3,h,1300000.0,18/06/2016,1.0,2.0,212.0,119.0,-37.8542,145.0149
ID794256299,38 Stewart St,3,h,1317000.0,28/05/2016,1.0,1.0,480.0,17.0,-37.7639,144.966
ID476272676,10A Coniston Av,3,t,780000.0,29/07/2017,2.0,1.0,195.0,14.0,-37.7325,144.88272
ID387469067,34 Grange St,3,h,930000.0,3/06/2017,1.0,0.0,357.0,94.0,-37.7377,144.98781
ID974683828,11 Cedar Dr,5,h,990000.0,10/12/2016,2.0,2.0,433.0,17.0,-37.7742,144.8755
ID873971032,110/171 Flemington Rd,2,u,550000.0,7/11/2016,1.0,2.0,0.0,44.0,-37.7955,144.9492
ID959078800,24A South St,4,h,750074.0,19/11/2016,2.0,1.0,302.0,54.0,-37.7149,144.9474
ID961423307,106/37 Palmerston St,2,u,620000.0,1/07/2017,2.0,1.0,0.0,6.0,-37.7969,144.9742
ID715688706,21B Vernal Av,3,h,1045000.0,15/07/2017,2.0,2.0,401.0,34.0,-37.82835,145.19845
ID645387021,4/236 Boundary Rd,2,t,530000.0,27/05/2017,2.0,1.0,135.0,69.0,-37.71628,144.93822
ID738334962,3/2 Cawkwell St,3,t,1390000.0,14/05/2016,2.0,1.0,227.0,24.0,-37.8577,145.0406
ID197330449,45 Cityview Rd,4,h,1750000.0,6/08/2016,3.0,3.0,667.0,6.0,-37.7898,145.079
ID846590608,11 Heathcote Dr,2,u,730000.0,3/09/2017,1.0,1.0,296.0,21.0,-37.83633,145.16873
ID594660199,5 Pickford St,2,h,1582000.0,25/02/2017,1.0,0.0,214.0,104.0,-37.8572,145.0066
ID668881864,1c Barwon St,2,h,540000.0,7/05/2016,1.0,1.0,164.0,9.0,-37.7082,144.9178
ID365468504,16 Callanish Rd,3,h,2220000.0,27/11/2016,2.0,2.0,850.0,59.0,-37.8456,145.0865
ID418589143,16 Cain Ct,3,h,1005000.0,22/07/2017,1.0,2.0,636.0,34.0,-37.863170000000004,144.83927
ID453603386,115 Belford Rd,3,h,1650000.0,16/09/2017,1.0,2.0,650.0,102.0,-37.79235,145.04789
ID753597115,197A Jasper Rd,3,t,1375000.0,20/05/2017,3.0,2.0,338.0,7.0,-37.9166,145.0418
ID582025744,21 Barkly St,3,h,1200000.0,10/12/2016,1.0,2.0,550.0,69.0,-37.8275,145.1298
ID420697324,60 Murray St,3,h,650000.0,12/08/2017,1.0,2.0,691.0,79.0,-37.78825,144.80098999999996
ID611508172,64 Greythorn Rd,5,h,2000000.0,15/10/2016,2.0,2.0,1002.0,69.0,-37.796,145.0984
ID691776789,12 Lindenow St,2,h,927000.0,4/02/2016,1.0,4.0,524.0,99.0,-37.779,144.8832
ID657243200,72 Military Rd,4,h,680000.0,24/09/2016,2.0,2.0,554.0,59.0,-37.7649,144.8633
ID563639539,49 Rogerson St,3,h,795000.0,28/05/2016,1.0,1.0,549.0,59.0,-37.7644,144.8575
ID950689476,7 Celia St,3,h,986000.0,8/04/2017,1.0,3.0,337.0,69.0,-37.9331,145.0586
ID609494076,7/55 Johnston St,2,u,720000.0,7/05/2016,1.0,1.0,0.0,29.0,-37.8434,144.9435
ID158349485,7 Caddy Ct,3,h,585000.0,13/08/2016,1.0,3.0,620.0,7.0,-37.7293,145.032
ID486421416,18 Benjamin St,3,h,860000.0,15/07/2017,1.0,3.0,446.0,109.0,-37.79354,144.8328
ID721715171,55 Fran St,5,h,705000.0,17/09/2016,3.0,2.0,612.0,49.0,-37.7022,144.9054
ID430507804,8 Ian Av,4,h,800000.0,9/09/2017,2.0,2.0,650.0,59.0,-37.80103,145.25368
ID702506090,4/57 Blyth St,3,u,730000.0,13/08/2016,2.0,1.0,69.0,5.0,-37.868,144.8286
ID598601336,6 Salisbury Gr,3,h,1741000.0,10/09/2016,1.0,1.0,383.0,109.0,-37.8155,145.0385
ID673871710,2a Flinders St,3,h,685000.0,26/07/2016,2.0,2.0,260.0,49.0,-37.7226,144.8569
ID447837608,67 Celia St,4,h,1700000.0,15/10/2016,3.0,1.0,650.0,73.0,-37.8581,145.078
ID350090095,9 Somerset St,2,h,775000.0,30/07/2016,1.0,2.0,527.0,69.0,-37.7304,144.9261
ID718660382,5a Rosamond St,3,h,1475000.0,24/06/2017,2.0,1.0,147.0,15.0,-37.86997,144.9908
ID534252159,69 Albion Rd,3,h,1670000.0,3/12/2016,2.0,2.0,599.0,89.0,-37.8673,145.0688
ID599171064,91A Bayswater Rd,3,h,1250000.0,24/06/2017,1.0,2.0,340.0,29.0,-37.79436,144.92158
ID347675811,149 Spring St,2,h,850000.0,17/06/2017,1.0,2.0,494.0,10.0,-37.72596,145.00113000000005
ID376927540,202/800 Chapel St,2,u,840000.0,25/02/2017,2.0,1.0,0.0,17.0,-37.8361,144.9966
ID295236548,10 Glen St,3,h,1400000.0,20/05/2017,1.0,1.0,476.0,42.0,-37.7495,144.9157
ID175008158,24/1231 Malvern Rd,2,u,660000.0,24/09/2016,1.0,1.0,0.0,94.0,-37.852,145.0343
ID201517461,7/18 Kelso St,2,u,546000.0,8/10/2016,1.0,1.0,0.0,39.0,-37.8282,144.9897
ID235343301,8 Harcourt St,4,h,1400000.0,8/04/2017,2.0,2.0,664.0,39.0,-37.7895,145.1116
ID561916647,220 Roberts St,3,h,1005000.0,15/07/2017,1.0,2.0,451.0,139.0,-37.81796,144.8681
ID180926914,15/5 Warley Rd,2,u,425000.0,27/11/2016,1.0,1.0,0.0,22.0,-37.8804,145.0501
ID593969561,26 South St,3,h,810000.0,4/03/2017,2.0,2.0,592.0,69.0,-37.7149,144.9473
ID337317811,12 Patterson Av,4,h,1702000.0,16/09/2017,1.0,1.0,762.0,59.0,-37.84162,145.10435
ID791988472,3 Waratah Dr,4,h,1201000.0,3/09/2016,2.0,2.0,657.0,41.0,-37.7624,145.1175
ID818274849,7B Hargreaves St,3,h,2725000.0,13/05/2017,2.0,1.0,0.0,119.0,-37.8007,144.9833
ID836391723,5 Tedstone Cr,5,h,2400000.0,22/07/2017,3.0,2.0,785.0,59.0,-37.811609999999995,145.07622
ID427129237,1/9 Indwe St,3,t,620000.0,15/10/2016,1.0,2.0,255.0,18.0,-37.8038,144.8679
ID121237161,118 Ludstone St,2,h,1615000.0,12/11/2016,1.0,1.0,801.0,85.0,-37.9348,145.0162
ID927797466,46 Vincent Cr,3,h,484000.0,8/07/2017,1.0,0.0,531.0,59.0,-37.889959999999995,144.65526
ID474719097,292 Rathmines St,3,h,1275000.0,20/05/2017,1.0,2.0,517.0,69.0,-37.7638,145.0182
ID113437400,8/18 Edgar St,2,u,680000.0,15/10/2016,1.0,1.0,0.0,73.0,-37.8566,145.0454
ID755232584,14 Milroy St,4,h,2504000.0,3/12/2016,2.0,2.0,674.0,69.0,-37.9022,145.0125
ID671986332,73 Martin St,4,h,3320000.0,10/12/2016,3.0,2.0,644.0,19.0,-37.8964,144.9972
ID182336904,35 Henry St,3,h,1037000.0,3/09/2016,1.0,1.0,188.0,109.0,-37.7953,144.9275
ID961693656,36 Southampton St,2,h,910000.0,17/06/2017,1.0,0.0,312.0,131.0,-37.79592,144.88595
ID510235052,7 Motherwell St,4,h,2667000.0,27/11/2016,3.0,2.0,446.0,119.0,-37.8454,144.9989
ID878284364,4 Clairmont Av,4,h,2210000.0,16/09/2017,3.0,2.0,557.0,79.0,-37.92098,145.02421999999999
ID604850259,1/110 Railway Pl,2,u,660000.0,27/05/2017,1.0,1.0,0.0,26.0,-37.808479999999996,144.9437
ID808163397,2 Homebush Cr,3,h,2710000.0,9/09/2017,1.0,3.0,615.0,49.0,-37.82425,145.05552
ID463305610,1 Shiers St,4,h,1800000.0,24/06/2017,1.0,2.0,605.0,89.0,-37.77474,145.03011999999995
ID929706674,6 Rose St,3,h,950000.0,22/07/2017,1.0,1.0,399.0,49.0,-37.87115,144.8189
ID160793498,5 Faoro Ct,3,h,725000.0,29/07/2017,2.0,4.0,553.0,39.0,-37.99432,145.16143
ID121444269,12 Bridge St,2,h,678000.0,29/07/2017,1.0,1.0,487.0,12.0,-37.90379,144.66165
ID459942327,44 Devereaux St,3,h,706000.0,7/11/2016,1.0,0.0,715.0,59.0,-37.7143,144.9092
ID706001520,35 Angelique Gr,3,h,506000.0,19/08/2017,1.0,2.0,544.0,39.0,-37.74965,144.77008999999995
ID671454052,117 Pearson St,3,h,901000.0,23/04/2016,1.0,4.0,357.0,89.0,-37.762,144.9497
ID190853091,7/226 Glenlyon Rd,1,u,320000.0,19/08/2017,1.0,1.0,682.0,39.0,-37.7734,144.97686000000004
ID708771582,16 Castlereagh Pl,3,h,800000.0,18/06/2016,2.0,2.0,595.0,19.0,-37.7023,145.0775
ID952967004,33 Power St,4,h,1700000.0,30/07/2016,1.0,1.0,672.0,84.0,-37.8099,145.0792
ID551451715,47 Wood St,4,h,850000.0,8/04/2017,1.0,2.0,697.0,11.0,-37.7678,144.8568
ID469379778,2 Burge Cr,4,h,650000.0,22/07/2017,2.0,2.0,680.0,34.0,-37.86821,144.69566
ID912284871,49 Service St,4,h,1740000.0,27/11/2016,3.0,2.0,414.0,69.0,-37.9401,145.0083
ID141366582,13 George St,2,h,722000.0,13/08/2016,1.0,1.0,400.0,64.0,-37.7352,144.9852
ID568058763,1/13 Narong Rd,2,u,536000.0,25/02/2017,1.0,1.0,771.0,59.0,-37.8686,145.0239
ID827919330,15 Kingshott Cl,4,h,1500000.0,29/04/2017,3.0,2.0,450.0,13.0,-37.8617,144.8786
ID706744058,13 Whitby St,3,h,767000.0,19/11/2016,1.0,2.0,561.0,69.0,-37.7098,145.0031
ID651797588,38 Edinburgh St,4,h,1270000.0,4/03/2017,2.0,1.0,0.0,59.0,-37.9174,145.0717
ID688977499,73 Barkly St,3,h,1265000.0,27/05/2017,1.0,0.0,161.0,99.0,-37.77742,144.97388
ID364860937,14 Hedderwick St,4,h,1550000.0,18/06/2016,3.0,4.0,707.0,5.0,-37.8005,145.0986
ID530775681,22 Hickford St,2,h,1283000.0,13/05/2017,1.0,1.0,263.0,109.0,-37.7661,144.9742
ID177305470,55 Rennie St,2,h,1205500.0,17/06/2017,1.0,1.0,361.0,9.0,-37.75309,144.98908
ID498250449,2/43 Roxburgh St,2,u,455000.0,3/09/2016,1.0,2.0,0.0,39.0,-37.7756,144.9165
ID694497619,14 Baker St,4,h,700000.0,30/07/2016,1.0,5.0,650.0,59.0,-37.7867,144.8437
ID463823170,545 Whitehorse Rd,5,h,2450000.0,27/06/2016,4.0,2.0,1076.0,99.0,-37.8141,145.0936
ID657051779,41/106 Southbank Bvd,3,u,720000.0,3/09/2016,1.0,1.0,0.0,26.0,-37.8235,144.9655
ID817422310,49 Metherall St,5,h,605000.0,10/12/2016,2.0,2.0,661.0,59.0,-37.7651,144.8241
ID234813201,6/29 Barkly St,2,u,645000.0,4/03/2017,1.0,1.0,140.0,54.0,-37.8271,145.1299
ID609645574,57 Newton St,3,h,866000.0,24/09/2016,1.0,2.0,569.0,49.0,-37.7313,145.0224
ID438511905,24 Sadie St,3,h,793000.0,12/11/2016,1.0,2.0,780.0,59.0,-37.7,144.9427
ID921970064,3/20 Burns St,3,u,520000.0,10/12/2016,2.0,2.0,184.0,99.0,-37.7868,144.8772
ID925802640,100 McIntyre Rd,3,h,490000.0,4/06/2016,1.0,2.0,541.0,79.0,-37.7669,144.8308
ID493623857,43 Green Av,3,h,740000.0,15/07/2017,1.0,2.0,633.0,44.0,-37.71402,145.0314
ID406731324,6/5 Murrell St,2,t,420000.0,6/05/2017,2.0,1.0,1137.0,10.0,-37.7045,144.9204
ID981929938,161 Church St,5,h,5800000.0,8/04/2017,4.0,4.0,1276.0,139.0,-37.9164,144.9974
ID862381057,16 Pine St,3,h,1712000.0,12/11/2016,1.0,1.0,342.0,119.0,-37.814,145.0212
ID532037123,124 Yarra St,3,h,1876000.0,7/05/2016,2.0,0.0,245.0,109.0,-37.8024,144.9993
ID138885407,2/92 Clarence St,3,t,1000000.0,13/05/2017,2.0,2.0,265.0,8.0,-37.8924,145.0154
ID270461654,21A Cosmos St,3,h,577000.0,18/03/2017,1.0,2.0,706.0,49.0,-37.7053,144.9372
ID375299421,18 Inglis St,3,h,1225000.0,27/11/2016,1.0,1.0,311.0,99.0,-37.8546,144.8762
ID771889368,15 New St,4,h,770000.0,29/07/2017,2.0,2.0,723.0,49.0,-37.8476,145.29493
ID840356946,32 Howie St,3,h,1751000.0,25/02/2017,1.0,3.0,609.0,89.0,-37.8542,145.0733
ID453514119,1 Griffiths St,2,h,1105000.0,22/08/2016,2.0,1.0,55.0,26.0,-37.8159,145.0033
ID918620741,3 Ikara Cl,3,h,560000.0,26/08/2017,1.0,1.0,565.0,49.0,-37.73574,144.77898000000005
ID135045156,12 Gurner St,4,h,1900000.0,12/11/2016,2.0,2.0,507.0,129.0,-37.8616,144.9807
ID631553885,46 Buckmaster Dr,3,h,775500.0,15/07/2017,1.0,4.0,840.0,39.0,-37.66919,145.06798999999995
ID622368038,14 Clydebank Rd,3,h,810000.0,3/12/2016,1.0,2.0,613.0,89.0,-37.7552,144.8882
ID124778314,2/3 Eldridge St,1,u,216000.0,4/02/2016,1.0,1.0,0.0,49.0,-37.7907,144.8924
ID932408034,43 Omar St,3,h,915000.0,17/09/2016,1.0,3.0,667.0,7.0,-37.7784,144.8708
ID969480019,30 Browns Rd,2,u,772500.0,27/06/2016,1.0,2.0,318.0,14.0,-37.9218,145.0563
ID604708132,59 Hope St,4,h,871500.0,28/08/2016,2.0,0.0,389.0,29.0,-37.8284,144.8861
ID716760971,17 Kathleen Gr,3,h,1063000.0,28/05/2016,1.0,2.0,602.0,54.0,-37.7712,145.097
ID472256222,55 Bennett St,4,h,1975000.0,20/05/2017,2.0,2.0,600.0,52.0,-37.771,145.0318
ID967546892,22 Cullen St,2,h,782500.0,19/08/2017,1.0,1.0,243.0,19.0,-37.82859000000001,144.87947
ID858787221,19 Bruce St,3,h,1270000.0,12/08/2017,2.0,2.0,585.0,19.0,-37.742509999999996,145.0008
ID923112970,84 May St,4,h,970000.0,25/02/2017,1.0,2.0,708.0,59.0,-37.833,144.8494
ID124669321,5 Kennedy St,5,h,1475000.0,17/09/2016,2.0,2.0,729.0,9.0,-37.9191,145.075
ID453726196,45 Stanley St,2,h,852500.0,6/08/2016,1.0,2.0,832.0,9.0,-37.7126,144.9122
ID840303329,13 Dyer Ct,5,h,883300.0,19/08/2017,2.0,2.0,402.0,39.0,-37.944520000000004,145.11108000000004
ID350074582,13/123 Beaconsfield Pde,1,u,1100000.0,8/04/2017,1.0,1.0,0.0,131.0,-37.8487,144.9511
ID559149630,18 Buckingham St,3,h,900000.0,17/09/2016,3.0,1.0,58.0,10.0,-37.8139,145.0012
ID603007950,107 Glenroy Rd,4,h,1000000.0,27/11/2016,2.0,8.0,977.0,84.0,-37.7063,144.9273
ID373663102,46 Coventry Dr,4,h,482500.0,29/07/2017,2.0,0.0,533.0,39.0,-37.893370000000004,144.64003
ID641642905,96 Bryant St,2,h,865500.0,3/09/2016,1.0,1.0,168.0,114.0,-37.7835,144.9339
ID263651868,25 Dover St,2,h,855000.0,8/04/2017,1.0,0.0,117.0,119.0,-37.8262,144.9922
ID183246916,11 Grenville Tce,3,h,426000.0,23/09/2017,2.0,2.0,245.0,15.0,-37.62191,144.92158
ID974247937,3 Leeds St,4,h,2725000.0,12/08/2017,2.0,2.0,650.0,13.0,-37.83057,145.08482
ID411562531,312 Edgars Rd,3,h,570000.0,12/08/2017,1.0,2.0,525.0,19.0,-37.6676,145.00445
ID628641807,2 Donna St,3,h,532000.0,26/08/2017,1.0,2.0,474.0,26.0,-38.10429,145.17178
ID214621603,54 Princes St,3,h,917000.0,29/04/2017,1.0,0.0,143.0,129.0,-37.7868,144.9336
ID425461822,103b Maribyrnong Rd,3,u,819000.0,24/06/2017,2.0,1.0,166.0,29.0,-37.7719,144.91565
ID146432273,1/54 Liddiard St,1,u,440000.0,6/05/2017,1.0,1.0,0.0,59.0,-37.8194,145.0397
ID437540542,14/200 Bay St,1,u,400000.0,28/05/2016,1.0,1.0,0.0,19.0,-37.8392,144.9421
ID590497445,2A Austin St,2,h,750000.0,1/07/2017,1.0,1.0,104.0,17.0,-37.80601,144.89663000000004
ID978055218,8/161 Alexandra Av,2,u,735000.0,22/07/2017,1.0,1.0,0.0,84.0,-37.832409999999996,145.00705
ID214604869,1/24 Eldridge St,2,u,296000.0,27/11/2016,1.0,1.0,0.0,104.0,-37.789,144.8932
ID523293705,78 Shafer Rd,3,h,1320000.0,3/09/2017,2.0,4.0,798.0,51.0,-37.807520000000004,145.14878000000004
ID882870488,43 Henshall Rd,4,h,1430000.0,16/04/2016,2.0,1.0,607.0,29.0,-37.7376,144.9154
ID197960340,1/22 Nonna St,3,h,875000.0,8/07/2017,2.0,2.0,295.0,13.0,-37.90088,145.11692
ID346183142,305/28 Burnley St,1,u,327000.0,7/11/2016,1.0,1.0,0.0,7.0,-37.8127,145.0094
ID923094294,31 Batman St,3,h,535000.0,1/07/2017,2.0,2.0,472.0,14.0,-37.7331,144.76282
ID349780890,33 Gordon Gr,4,h,871000.0,27/11/2016,2.0,1.0,561.0,69.0,-37.7369,145.0201
ID989214958,11 Carrathool St,3,h,1400000.0,10/12/2016,1.0,3.0,770.0,54.0,-37.7644,145.0886
ID745158348,641 Inkerman Rd,2,h,1417500.0,27/05/2017,1.0,2.0,307.0,119.0,-37.86906,145.01986000000005
ID989946158,28 Dale St,3,h,1340000.0,7/05/2016,1.0,2.0,775.0,54.0,-37.779,145.101
ID610409480,17 Prospect St,3,h,880000.0,27/06/2016,2.0,2.0,588.0,59.0,-37.7283,144.9356
ID270836922,89 Cheddar Rd,5,h,1050000.0,22/08/2016,2.0,1.0,578.0,7.0,-37.7061,145.0147
ID898664940,404/101 Bay St,2,u,550000.0,4/02/2016,1.0,1.0,0.0,7.0,-37.8408,144.94
ID474896138,16 Clifton St,4,h,1216000.0,3/09/2017,1.0,2.0,583.0,39.0,-37.93206,145.07929
ID555389899,207/493 Victoria St,2,u,510000.0,8/07/2017,1.0,1.0,75.0,12.0,-37.80473,144.9435
ID676248924,73 Major Rd,3,h,526000.0,7/11/2016,1.0,1.0,404.0,59.0,-37.7075,144.9678
ID935751327,7 Wallace St,3,h,721000.0,8/10/2016,2.0,1.0,239.0,64.0,-37.7882,144.8784
ID269785129,83 Cardigan St,2,h,840000.0,8/10/2016,1.0,0.0,66.0,119.0,-37.8049,144.9644
ID760559624,1/5 Little St,3,h,720000.0,6/08/2016,2.0,1.0,0.0,7.0,-37.8379,144.8583
ID167983693,7/28 Elm St,1,u,395000.0,1/07/2017,1.0,1.0,910.0,9.0,-37.81333,145.01932
ID224466147,43 The Crossway,3,h,860000.0,15/07/2017,1.0,1.0,568.0,59.0,-37.7465,144.8613
ID220266584,11/300 Racecourse Rd,2,u,603000.0,8/04/2017,1.0,1.0,0.0,129.0,-37.788000000000004,144.9306
ID772583391,63 Beach Rd,2,h,1690000.0,15/10/2016,1.0,1.0,319.0,49.0,-37.9409,145.0001
ID450509187,12 Black St,4,h,952000.0,8/04/2017,2.0,2.0,729.0,49.0,-37.711,145.08100000000005
ID842510247,47 Victory St,3,h,722000.0,18/06/2016,1.0,1.0,695.0,49.0,-37.7259,144.8579
ID874344091,21/70 Oshanassy St,2,u,560000.0,25/02/2017,1.0,1.0,2300.0,44.0,-37.7997,144.9472
ID922969396,38 Goleen St,3,h,887000.0,8/04/2017,1.0,2.0,560.0,3.0,-37.7266,144.9647
ID874081045,78 Miller St,3,h,1080000.0,17/09/2016,1.0,1.0,487.0,94.0,-37.7511,144.9907
ID545598957,21 Webb St,4,h,1420000.0,3/09/2017,3.0,2.0,1209.0,19.0,-37.7396,145.22218999999996
ID892499176,2 Ajax Cl,4,h,720000.0,9/09/2017,2.0,2.0,660.0,34.0,-37.720859999999995,144.79399999999995
ID926020189,56 Packington St,3,h,1720000.0,25/02/2017,2.0,2.0,183.0,20.0,-37.8562,145.0042
ID375768374,48 McMillan St,4,h,962000.0,15/07/2017,2.0,4.0,724.0,19.0,-37.93197,145.12219
ID156430792,9 Ethel St,3,t,865000.0,13/05/2017,2.0,2.0,194.0,19.0,-37.7538,144.9991
ID115506248,2 Patterson St,3,h,1850000.0,3/06/2017,2.0,1.0,321.0,104.0,-37.85411,144.96409
ID495029519,8 Hicks St,3,h,1051000.0,12/08/2017,2.0,2.0,597.0,10.0,-37.98703,145.09131000000005
ID711677945,243 Essex St,2,h,749000.0,24/06/2017,1.0,1.0,369.0,18.0,-37.79221,144.86408
ID887770593,86 Malpas St,3,h,1010000.0,20/05/2017,0.0,0.0,533.0,69.0,-37.7336,145.0168
ID632074098,25 Bliburg St,3,h,495000.0,27/11/2016,1.0,2.0,598.0,54.0,-37.6878,144.9112
ID662790377,13 Byron St,5,h,2930000.0,10/12/2016,3.0,4.0,645.0,14.0,-37.8317,145.0738
ID335721566,4/342 Ascot Vale Rd,1,u,286000.0,24/06/2017,1.0,1.0,114.0,49.0,-37.76911,144.92472
ID891659640,6 Troup Ct,3,h,485000.0,22/07/2017,1.0,1.0,633.0,59.0,-37.89444,144.65591
ID853548070,69 Victoria St,3,t,720000.0,29/04/2017,2.0,2.0,531.0,3.0,-37.7424,144.9571
ID174859183,51 Davies St,3,h,1012000.0,17/09/2016,2.0,1.0,323.0,4.0,-37.7359,145.0614
ID628107199,2/243 Union St,2,t,680000.0,15/10/2016,1.0,1.0,0.0,49.0,-37.772,144.9406
ID902539378,6/2 Tintern Av,2,u,920000.0,22/07/2017,2.0,1.0,0.0,84.0,-37.841390000000004,145.00678
ID596390576,1413 Dandenong Rd,5,h,1600000.0,15/10/2016,2.0,2.0,639.0,59.0,-37.8915,145.0844
ID654267419,4 Invermay Gr,3,h,1768000.0,9/09/2017,2.0,2.0,304.0,49.0,-37.832770000000004,145.04373
ID791115313,59 Margaret St,3,h,1245000.0,29/07/2017,1.0,0.0,234.0,105.0,-37.76321,144.91958
ID349281142,51 Rankins Rd,2,h,765000.0,10/12/2016,1.0,2.0,158.0,54.0,-37.7902,144.9319
ID395986881,45 Hornby St,2,h,1325000.0,25/02/2017,1.0,0.0,140.0,49.0,-37.8547,144.9959
ID633972743,3/30 Heller St,2,t,801000.0,25/02/2017,2.0,1.0,156.0,12.0,-37.7744,144.9498
ID700732151,55 Cobden St,2,h,1024000.0,22/04/2017,1.0,0.0,102.0,139.0,-37.8355,144.9675
ID937801371,34 Soudan St,2,h,996000.0,29/07/2017,1.0,1.0,476.0,89.0,-37.73883,144.95321
ID493123505,4/38 Hampton Pde,2,u,266000.0,20/05/2017,1.0,1.0,1059.0,49.0,-37.8062,144.8665
ID306903254,5/51 Buckley St,1,u,292000.0,27/06/2016,1.0,1.0,0.0,49.0,-37.758,144.9237
ID465754904,27 Holloway Cl,3,h,455000.0,17/06/2017,1.0,6.0,639.0,29.0,-37.562909999999995,144.72848
ID546814457,1 Maitland St,3,h,2825000.0,17/09/2016,2.0,4.0,885.0,109.0,-37.8577,145.0421
ID221525805,3/11 Ormond Rd,2,u,410000.0,26/07/2016,1.0,1.0,0.0,49.0,-37.903,145.0452
ID169287036,37 Park Av,3,h,660000.0,3/09/2017,2.0,2.0,134.0,49.0,-37.80782,144.86586
ID456369751,22 Henderson St,2,h,825000.0,6/05/2017,1.0,0.0,207.0,69.0,-37.7622,144.9406
ID170961179,1/7 Derry St,2,h,670000.0,27/11/2016,1.0,2.0,0.0,29.0,-37.76,144.9002
ID978018187,27 Andrew St,2,h,865000.0,12/08/2017,2.0,0.0,70.0,49.0,-37.85143,144.98574
ID654244564,1 Dorset Rd,2,h,630000.0,23/04/2016,1.0,1.0,602.0,12.0,-37.724000000000004,144.9501
ID723053068,14 James St,3,h,900000.0,17/06/2017,1.0,1.0,252.0,16.0,-37.80552,144.88889
ID360522157,17/29 Bendall St,3,u,570000.0,11/03/2017,1.0,2.0,0.0,29.0,-37.7897,144.9239
ID121797466,2 Carr St,3,h,970000.0,27/11/2016,1.0,2.0,575.0,59.0,-37.7307,144.9704
ID851012392,28 Garfield Av,4,h,1450000.0,23/09/2017,2.0,2.0,590.0,79.0,-37.90433,145.05163000000005
ID592266898,2 Carrington Rd,3,h,800000.0,16/07/2016,2.0,3.0,574.0,64.0,-37.722,144.9922
ID777057170,1 Kingswood Av,3,h,1150000.0,8/07/2017,2.0,3.0,650.0,12.0,-37.894690000000004,145.12363
ID640372438,22 Mortimore St,3,h,1610000.0,22/07/2017,2.0,2.0,672.0,59.0,-37.92768,145.04268000000005
ID590903599,199 Hawke St,3,t,1500000.0,16/09/2017,2.0,1.0,862.0,99.0,-37.80947000000001,144.94473
ID137376134,59 Winton Rd,3,h,2550000.0,26/08/2017,2.0,3.0,1170.0,69.0,-37.87253,145.0705
ID363617636,2 Collett St,3,h,840000.0,15/07/2017,1.0,0.0,114.0,59.0,-37.78895,144.93351
ID775665150,99 Neill St,3,h,1600000.0,17/09/2016,3.0,1.0,0.0,9.0,-37.7945,144.9718
ID666173058,68 Hunter Rd,4,h,2950000.0,7/05/2016,2.0,4.0,661.0,59.0,-37.8382,145.0904
ID482666200,3 Park Pl,1,u,760500.0,4/06/2016,0.0,0.0,438.0,18.0,-37.8353,144.96
ID512628269,1/321 High St,1,u,515000.0,3/06/2017,1.0,1.0,0.0,119.0,-37.80468,145.03614
ID256118599,1/89 Wheatley Rd,3,u,960000.0,17/06/2017,2.0,3.0,220.0,47.0,-37.90958,145.03371
ID553088834,23 Goleen St,3,h,782000.0,11/03/2017,1.0,3.0,576.0,3.0,-37.7269,144.9654
ID170561946,7 French Ct,3,h,740000.0,10/09/2016,1.0,1.0,591.0,59.0,-37.7135,145.0783
ID947756281,44 Cruikshank St,2,h,1350000.0,10/09/2016,1.0,1.0,195.0,119.0,-37.8395,144.9462
ID668321545,19 Wolviston Av,4,h,660000.0,8/07/2017,2.0,2.0,724.0,13.0,-37.6869,144.7485
ID513178681,44 Stenson Rd,4,h,751000.0,19/11/2016,2.0,2.0,649.0,19.0,-37.7382,144.8292
ID773428736,3/29 Fiddes St,2,t,742500.0,13/05/2017,1.0,1.0,179.0,18.0,-37.9369,145.0473
ID550304936,9 Bishop Pl,4,h,652000.0,3/09/2017,1.0,5.0,548.0,69.0,-37.65256,145.04093
ID879754724,7 Colclough Ct,5,h,880000.0,30/07/2016,3.0,2.0,387.0,59.0,-37.7225,144.9055
ID921744459,11/62 Edgar St N,2,u,501000.0,8/07/2017,1.0,1.0,2015.0,59.0,-37.85019000000001,145.0465
ID367165730,5 Doncaster St,4,h,1705000.0,30/07/2016,2.0,4.0,598.0,7.0,-37.7774,144.9104
ID426956155,28 Weidlich Rd,4,h,792000.0,8/07/2017,2.0,2.0,836.0,10.0,-37.70115,145.12855
ID793501362,3 Pattison St,2,h,849000.0,19/11/2016,1.0,1.0,345.0,89.0,-37.773,144.9335
ID152328557,18/24 Dongola Rd,2,t,620000.0,10/09/2016,1.0,1.0,144.0,49.0,-37.7926,144.8809
ID506091945,75 Cecil St,3,h,1050000.0,29/07/2017,1.0,0.0,179.0,129.0,-37.86558,144.90474
ID116650752,1 Walter St,4,h,1030000.0,7/05/2016,2.0,2.0,803.0,17.0,-37.7932,144.8434
ID361361270,408/633 Church St,2,u,760000.0,27/11/2016,1.0,1.0,0.0,19.0,-37.833,144.997
ID850778881,15 Caroline St,3,h,1460000.0,27/05/2017,1.0,0.0,192.0,119.0,-37.78992,144.99845
ID749284717,57 View St,3,h,596000.0,12/11/2016,1.0,3.0,624.0,49.0,-37.6967,144.9313
ID386081032,1 Bellarine St,4,h,1400000.0,18/03/2017,2.0,2.0,559.0,94.0,-37.7347,144.9966
ID362983920,52 Parkmore Rd,2,h,1020000.0,15/07/2017,1.0,1.0,581.0,49.0,-37.84207,145.17795
ID111179952,31 Zenith St,4,h,1196000.0,4/03/2017,2.0,2.0,559.0,22.0,-37.7236,144.9347
ID331286447,2/34 Linacre Rd,2,u,665000.0,20/05/2017,1.0,1.0,136.0,49.0,-37.9427,145.0052
ID273563726,308/18 Kavanagh St,1,u,455000.0,11/02/2017,1.0,0.0,760.0,12.0,-37.8228,144.9661
ID363836210,5 Echo Av,4,h,496000.0,8/07/2017,2.0,2.0,448.0,11.0,-37.84688,144.68182
ID349727400,23 Lygon St,2,h,825000.0,16/04/2016,1.0,1.0,367.0,89.0,-37.8995,145.0241
ID323971552,47 York St,3,h,1016000.0,12/08/2017,2.0,1.0,304.0,64.0,-37.734559999999995,144.91521
ID339704145,3/19 Herbert St,2,u,520000.0,10/09/2016,1.0,1.0,1034.0,69.0,-37.8717,144.9829
ID899933132,33 Wales St,3,h,1245000.0,18/03/2017,1.0,1.0,409.0,49.0,-37.7633,145.0087
ID319047054,4/3 King St,3,h,700000.0,7/05/2016,1.0,1.0,188.0,49.0,-37.8065,145.065
ID931273824,88 Victoria St,3,h,875000.0,18/03/2017,1.0,0.0,262.0,39.0,-37.8022,144.8924
ID322642961,3/46 Tibrockney St,2,h,548000.0,17/06/2017,1.0,1.0,0.0,49.0,-37.95037,145.03473
ID996086127,9 Hibiscus Cl,3,h,482000.0,3/09/2017,2.0,2.0,452.0,27.0,-37.640229999999995,144.91398999999996
ID893544468,9/823 Rathdowne St,1,u,468000.0,11/03/2017,1.0,1.0,861.0,49.0,-37.7851,144.9723
ID985431536,3A Blanche St,3,t,1308000.0,8/04/2017,1.0,2.0,125.0,29.0,-37.7953,144.9864
ID842797273,10 Crofton Dr,5,h,2040000.0,13/05/2017,3.0,2.0,531.0,22.0,-37.8629,144.8781
ID179115894,71 Palmer St,2,h,888000.0,20/05/2017,1.0,0.0,112.0,119.0,-37.8001,144.9901
ID685698862,13 Allendale Ct,3,h,520000.0,15/07/2017,1.0,1.0,631.0,59.0,-37.66004,144.92338
ID264996544,16 Conifer St,3,h,1520000.0,16/09/2017,1.0,3.0,627.0,5.0,-37.94515,145.01886000000005
ID480519337,38 Agnew St,3,h,1710000.0,17/09/2016,3.0,2.0,435.0,104.0,-37.91,145.0113
ID854478170,103/334 Toorak Rd,2,u,920000.0,18/03/2017,2.0,0.0,0.0,49.0,-37.84,144.9988
ID792564613,23 Dougharty Rd,2,h,570000.0,27/11/2016,1.0,3.0,428.0,25.0,-37.7355,145.0573
ID679641533,83 Whitelaw St,2,h,852000.0,6/05/2017,1.0,2.0,705.0,8.0,-37.711999999999996,145.0205
ID815820232,96 Pentland Pde,3,h,1100000.0,9/09/2017,1.0,0.0,221.0,71.0,-37.81284,144.89158999999995
ID252580499,24 Dudley St,3,h,850000.0,25/02/2017,1.0,0.0,190.0,89.0,-37.795,144.88299999999995
ID473249759,53 John St,2,t,640000.0,28/08/2016,1.0,1.0,0.0,139.0,-37.7873,144.9961
ID707042927,116 Charles St,3,h,1650000.0,10/12/2016,3.0,1.0,209.0,14.0,-37.8467,144.9897
ID706007658,2/42 Gowrie St,3,h,930000.0,27/11/2016,2.0,2.0,258.0,12.0,-37.9162,145.0799
ID960547637,1 Tweed St,4,h,1090000.0,8/07/2017,1.0,2.0,894.0,69.0,-37.8159,145.24688
ID562318796,27 Vauxhall Rd,4,h,1900000.0,28/05/2016,2.0,1.0,537.0,80.0,-37.7763,145.0117
ID653925224,10 Beaumont St,3,h,1935000.0,26/08/2017,2.0,2.0,449.0,104.0,-37.82359,145.0693
ID387021361,16 Charles St,5,h,2850000.0,10/09/2016,2.0,2.0,815.0,19.0,-37.8118,145.035
ID222707444,10/90 Yarralea St,1,u,320000.0,6/05/2017,1.0,1.0,915.0,104.0,-37.7793,145.0327
ID583246473,7 Hilbert Ct,4,h,1145000.0,22/04/2017,2.0,2.0,538.0,64.0,-37.895,145.1014
ID840814866,13 Montgomery St,2,h,1300000.0,3/09/2017,1.0,2.0,502.0,104.0,-38.00663,145.08491999999995
ID352267334,24 Jessie St,4,h,1600000.0,3/09/2016,2.0,1.0,464.0,109.0,-37.7805,145.004
ID764517359,11 Raleigh St,3,h,770000.0,16/04/2016,1.0,0.0,438.0,99.0,-37.754,144.92600000000004
ID693932031,105 Kerferd Rd,2,h,1275000.0,3/09/2016,1.0,0.0,120.0,119.0,-37.8459,144.9555
ID231122521,12a Doyle St,3,u,622000.0,1/07/2017,1.0,1.0,204.0,59.0,-37.76215,144.85986
ID443582332,1 Quinn St,3,h,645000.0,24/06/2017,1.0,2.0,586.0,29.0,-37.7728,144.76941000000005
ID547768626,83 Normanby Rd,4,h,2513000.0,17/09/2016,1.0,2.0,832.0,79.0,-37.8036,145.0545
ID544985930,83 Best St,3,h,1700000.0,18/03/2017,2.0,1.0,240.0,129.0,-37.782,144.9834
ID359284596,4a Cohen St,3,h,583000.0,10/09/2016,1.0,1.0,412.0,16.0,-37.7459,144.8643
ID525570892,18 Simpson St,4,h,736000.0,12/11/2016,1.0,2.0,615.0,64.0,-37.7675,144.8414
ID319702880,81 Carter St,2,h,1020000.0,14/05/2016,1.0,1.0,107.0,119.0,-37.8468,144.9612
ID597024291,97 John St,3,h,683000.0,6/05/2017,1.0,2.0,697.0,49.0,-37.6969,144.9425
ID203215221,10/1401 High Street Rd,3,u,570000.0,8/07/2017,1.0,1.0,190.0,19.0,-37.87638,145.2313
ID623418022,14 Stanhope St,3,h,975000.0,22/04/2017,1.0,0.0,318.0,94.0,-37.7955,144.8713
ID573701685,25 Argyle St,2,h,750000.0,15/10/2016,1.0,1.0,0.0,109.0,-37.7686,144.9068
ID168314172,50 Ogilvie St,3,h,1150000.0,16/09/2017,1.0,2.0,658.0,69.0,-37.75009,144.89271000000005
ID425931299,2/8 Simpsons Rd,2,u,653000.0,23/09/2017,1.0,1.0,84.0,49.0,-37.8179,145.1341
ID432828380,4/118 Rose St,1,t,580000.0,19/08/2017,1.0,1.0,782.0,21.0,-37.796170000000004,144.97982
ID238718426,33 Deakin St,4,t,1250000.0,6/08/2016,3.0,2.0,374.0,4.0,-37.7507,144.8911
ID328053930,8/6 Irving St,2,u,740000.0,25/02/2017,1.0,1.0,0.0,52.0,-37.8597,145.0322
ID361644308,5 Pamela Ct,4,h,653000.0,3/06/2017,1.0,4.0,632.0,6.0,-37.68136,144.99479
ID636225061,2/149 Carpenter St,3,u,1336000.0,3/06/2017,2.0,1.0,249.0,39.0,-37.90597,145.00208
ID959128255,16 Rhodes Dr,4,h,1631888.0,23/09/2017,2.0,2.0,740.0,59.0,-37.88551,145.17559
ID906164882,2/64 Dinah Pde,3,t,480000.0,3/12/2016,2.0,1.0,184.0,7.0,-37.7424,144.8639
ID668949961,2 Sutton Gr,2,h,1442000.0,1/07/2017,2.0,1.0,163.0,79.0,-37.82259000000001,144.99077
ID345190979,12 Armagh Cr,4,h,1323000.0,26/08/2017,2.0,2.0,551.0,38.0,-37.87608,145.2239
ID762711462,173 Nelson Rd,4,h,3825000.0,12/08/2017,3.0,0.0,280.0,129.0,-37.83923,144.95113
ID552295189,19/37 Stephen St,3,h,920000.0,12/08/2017,2.0,2.0,182.0,6.0,-37.812490000000004,144.89531000000005
ID203215194,3/220 Warrigal Rd,2,u,435000.0,7/11/2016,1.0,1.0,896.0,59.0,-37.8479,145.0958
ID867168516,2/147 Glen Huntly Rd,1,u,485000.0,8/10/2016,1.0,1.0,0.0,49.0,-37.8831,144.9918
ID307698732,7 Orrong Av,3,h,1010000.0,9/09/2017,2.0,2.0,306.0,49.0,-38.1386,145.12142
ID141159907,2/8 Gregory St,2,t,475000.0,15/10/2016,1.0,1.0,118.0,9.0,-37.7232,144.9154
ID390227802,38 Bent St,2,h,1060000.0,12/08/2017,1.0,1.0,283.0,59.0,-37.76218,144.92886000000001
ID171820444,12 Meaden St,3,h,1422000.0,27/11/2016,1.0,2.0,583.0,12.0,-37.8679,145.0781
ID618170190,76 Kenmare St,2,h,650000.0,26/08/2017,1.0,1.0,210.0,13.0,-37.70657,145.07878
ID339601048,2 Trentham St,5,h,2220000.0,9/09/2017,3.0,1.0,545.0,94.0,-37.949529999999996,145.00607
ID500394557,27 Westbourne St,3,h,1442000.0,30/07/2016,1.0,2.0,199.0,119.0,-37.8494,145.005
ID123590972,60 Baird St,3,h,1860000.0,6/08/2016,2.0,2.0,686.0,71.0,-37.9241,145.0125
ID338954690,25 Hayes Rd,5,h,1440000.0,12/06/2016,3.0,2.0,617.0,29.0,-37.7386,144.917
ID786755936,11/63 Edgar St N,1,t,345000.0,14/05/2016,1.0,1.0,745.0,49.0,-37.8505,145.0459
ID565931834,26/2 Ballarat Rd,3,u,561000.0,27/06/2016,1.0,1.0,0.0,13.0,-37.7952,144.909
ID365468504,16 Callanish Rd,3,h,2220000.0,27/11/2016,2.0,2.0,850.0,59.0,-37.8456,145.0865
ID350727355,4 Box Ct,3,h,1640000.0,29/04/2017,1.0,2.0,733.0,49.0,-37.9219,145.0518
ID743448166,57 Type St,3,h,1590000.0,29/04/2017,1.0,1.0,318.0,119.0,-37.8225,145.0096
ID240518816,6 Jean St,3,h,1503500.0,6/05/2017,1.0,1.0,907.0,8.0,-37.7628,145.1185
ID407195356,21 Hatherley Gr,3,h,750000.0,4/03/2017,1.0,3.0,554.0,49.0,-37.8449,144.85
ID790111012,113A Richmond Tce,3,h,1785000.0,8/04/2017,1.0,0.0,240.0,61.0,-37.8221,144.9964
ID608495892,3 Type St,2,h,1220000.0,16/07/2016,1.0,1.0,219.0,114.0,-37.8203,145.01
ID456245358,124 Raleigh St,5,h,560000.0,27/05/2017,2.0,2.0,626.0,7.0,-37.67688,144.88996
ID135891414,156 Separation St,2,h,900000.0,10/12/2016,1.0,0.0,367.0,49.0,-37.7704,145.0067
ID313234613,8 Fitzpatrick St,3,t,1450000.0,19/11/2016,2.0,1.0,146.0,129.0,-37.8331,144.9665
ID165903554,27 Quick St,4,h,975000.0,3/12/2016,1.0,1.0,733.0,59.0,-37.7194,144.9307
ID318679601,48 Majestic Bvd,5,h,720008.0,26/08/2017,3.0,2.0,528.0,13.0,-38.08902,145.29006
ID479207223,40 Winfield Rd,3,h,1480000.0,7/11/2016,1.0,2.0,992.0,29.0,-37.7977,145.1037
ID729080789,409/216 Rouse St,2,u,665000.0,3/06/2017,2.0,1.0,1472.0,9.0,-37.840959999999995,144.93791000000004
ID760981776,1/187 George St,2,u,700000.0,22/08/2016,2.0,1.0,0.0,49.0,-37.8153,144.9842
ID378179994,16/43 Arndt Rd,2,u,541000.0,29/07/2017,1.0,1.0,133.0,69.0,-37.72136,144.92932
ID337920820,49/2 Exhibition St,1,u,659000.0,10/09/2016,1.0,1.0,0.0,13.0,-37.8157,144.9727
ID203109859,2 Jamieson St,5,h,2155000.0,15/10/2016,2.0,2.0,692.0,99.0,-37.7784,145.0035
ID248318504,55 Carlyon St,2,h,981000.0,25/02/2017,1.0,1.0,533.0,39.0,-37.9048,145.0418
ID554639374,141 Hawkstowe Pde,5,h,905000.0,3/06/2017,5.0,3.0,700.0,9.0,-37.6236,145.10629
ID602016663,8 Bowmore St,4,h,1745000.0,10/12/2016,2.0,1.0,547.0,94.0,-37.9002,145.0768
ID436190470,74 Bridport St,3,h,2800000.0,30/07/2016,3.0,1.0,0.0,129.0,-37.8399,144.9577
ID475749512,1 Torring Rd,2,h,1582000.0,15/10/2016,2.0,2.0,358.0,17.0,-37.8341,145.0528
ID473249759,53 John St,2,t,640000.0,28/08/2016,1.0,1.0,0.0,139.0,-37.7873,144.9961
ID593878261,28 Central Av,2,h,942000.0,19/08/2017,1.0,1.0,241.0,104.0,-37.79583,144.89406
ID993050803,11 Heytesbury Cr,3,h,607500.0,22/07/2017,2.0,2.0,654.0,20.0,-37.6038,144.9226
ID166869105,31 Miller Gr,3,h,2310000.0,10/12/2016,1.0,2.0,782.0,99.0,-37.8107,145.0219
ID229552611,1/194 Hyde St,3,h,780000.0,3/12/2016,2.0,2.0,213.0,15.0,-37.8175,144.8964
ID742607988,3/20 Loch St,2,t,599000.0,24/09/2016,2.0,1.0,76.0,79.0,-37.7474,144.9621
ID659371223,16/116 Arthurton Rd,2,u,418000.0,7/05/2016,1.0,1.0,1882.0,8.0,-37.768,144.9895
ID313059170,4/738 Centre Rd,2,u,716000.0,10/12/2016,1.0,2.0,212.0,59.0,-37.9218,145.0607
ID696502765,23 Silk St,3,h,908000.0,30/07/2016,1.0,2.0,692.0,69.0,-37.7345,145.0753
ID374172186,2/20 Margaret St,2,u,690500.0,23/04/2016,1.0,1.0,118.0,11.0,-37.8257,145.0856
ID975287157,48 Derby St,4,h,822000.0,18/03/2017,2.0,2.0,250.0,36.0,-37.7319,144.9461
ID662675531,7/3 Kenilworth Pde,3,u,650000.0,28/08/2016,2.0,2.0,0.0,19.0,-37.7694,145.0406
ID540974808,1 Hillcrest Rd,4,h,2450000.0,24/06/2017,3.0,2.0,910.0,59.0,-37.861940000000004,145.07256
ID669659223,3/33 Glen Ebor Av,3,h,786000.0,23/09/2017,1.0,2.0,1271.0,39.0,-37.821509999999996,145.16138999999995
ID333491309,231 Station St,3,h,1065000.0,23/04/2016,1.0,2.0,630.0,89.0,-37.7713,145.0196
ID198466661,56 Victoria St,5,h,2250000.0,24/06/2017,3.0,2.0,640.0,39.0,-37.95698,145.0166
ID318830498,75 Pridham St,3,h,1220000.0,28/08/2016,2.0,1.0,112.0,119.0,-37.8517,145.0056
ID161754278,9 Marama St,4,h,1009000.0,12/11/2016,1.0,2.0,590.0,69.0,-37.7197,144.9585
ID184646493,2/27 Georges Rd,3,u,766000.0,3/06/2017,1.0,2.0,327.0,59.0,-37.80905,145.23533999999995
ID703164609,4 James St,3,h,1097000.0,13/05/2017,1.0,1.0,372.0,79.0,-37.7634,144.9434
ID571158181,771 Rathdowne St,3,h,1950000.0,24/06/2017,1.0,1.0,309.0,109.0,-37.786590000000004,144.97211000000001
ID220101283,17/459 Waterdale Rd,2,u,444000.0,27/05/2017,1.0,1.0,94.0,69.0,-37.74432,145.04721
ID113466309,2/16 Argyle St,2,u,535000.0,29/04/2017,1.0,1.0,1026.0,49.0,-37.911,145.0711
ID988358921,66A Gardenvale Rd,3,h,1250000.0,11/02/2017,2.0,2.0,236.0,15.0,-37.8982,145.0121
ID837828397,6/63 Everard St,2,u,615000.0,16/04/2016,1.0,3.0,207.0,59.0,-37.7975,144.8855
ID815890103,15 Rodman St,2,h,810000.0,4/03/2017,1.0,2.0,950.0,89.0,-37.702,145.0071
ID729371921,30 Milton St,3,h,865000.0,27/05/2017,1.0,0.0,217.0,109.0,-37.77391,144.92151
ID638251928,35 Dixon St,3,h,2050000.0,4/06/2016,2.0,1.0,231.0,129.0,-37.8607,145.0373
ID401732323,3811/80 Abeckett St,2,u,450000.0,7/11/2016,1.0,1.0,0.0,5.0,-37.8091,144.9609
ID163779220,23 Auckland St,2,h,1100000.0,8/04/2017,1.0,3.0,579.0,69.0,-37.925,145.0467
ID668949961,2 Sutton Gr,2,h,1442000.0,1/07/2017,2.0,1.0,163.0,79.0,-37.82259000000001,144.99077
ID937509775,45 Tambet St,3,h,1470000.0,3/09/2017,2.0,2.0,616.0,59.0,-37.91506,145.07121
ID748715913,4/61 Mayston St,1,u,560000.0,12/08/2017,1.0,1.0,803.0,59.0,-37.82689,145.05542
ID159317825,5/3 Lennox St,2,u,420000.0,10/09/2016,1.0,1.0,0.0,69.0,-37.7701,144.9079
ID447837608,67 Celia St,4,h,1700000.0,15/10/2016,3.0,1.0,650.0,73.0,-37.8581,145.078
ID940362526,7 Donnelly Ct,4,h,646000.0,29/04/2017,2.0,2.0,658.0,39.0,-37.7358,144.8217
ID982179900,105/175 Kangaroo Rd,2,u,420000.0,12/11/2016,1.0,1.0,0.0,9.0,-37.9008,145.0859
ID316959289,1 Rocke St,4,h,1300000.0,7/11/2016,1.0,1.0,586.0,74.0,-37.7726,145.0396
ID757707109,118 Athol St,2,h,1090000.0,3/06/2017,1.0,0.0,233.0,69.0,-37.76919,144.91186000000005
ID512073180,66 Queens Pde,4,h,821000.0,3/06/2017,1.0,1.0,687.0,59.0,-37.71881,144.96527
ID187371169,34/530 Toorak Rd,2,u,517500.0,4/03/2017,1.0,1.0,0.0,99.0,-37.8424,145.0184
ID639788729,19/300 King St,2,u,740000.0,17/06/2017,1.0,1.0,0.0,20.0,-37.81317,144.95452
ID189264323,12 Shanley St,2,h,740000.0,24/06/2017,1.0,1.0,487.0,79.0,-37.71949,144.94283000000001
ID545884115,2/59 Iona St,2,u,623500.0,27/05/2017,1.0,1.0,159.0,39.0,-37.97363,145.02302
ID171638935,41 Glengyle St,3,h,1326000.0,9/09/2017,1.0,2.0,524.0,129.0,-37.75392,144.97468999999995
ID741347591,42 Whitby St,4,h,930000.0,4/06/2016,2.0,2.0,299.0,49.0,-37.764,144.9454
ID558463959,12 Willis St,3,h,2050000.0,4/03/2017,2.0,1.0,205.0,109.0,-37.8574,145.0281
ID324332126,5 Athol Ct,3,h,650000.0,12/08/2017,3.0,2.0,1060.0,19.0,-38.15752,145.19127
ID614884133,10 Margot Av,4,h,1663000.0,8/07/2017,3.0,2.0,674.0,37.0,-37.77102,145.13338000000005
ID688688494,4/63 Hampton Rd,4,t,652500.0,15/10/2016,2.0,1.0,179.0,24.0,-37.7527,144.8824
ID330103248,17 Bindi St,3,h,597500.0,13/05/2017,1.0,2.0,663.0,69.0,-37.6962,144.9349
ID221911619,37 Newton St,5,h,2400000.0,12/08/2017,3.0,2.0,593.0,3.0,-37.83199000000001,145.10877
ID901139027,36 Matthews St,5,h,895000.0,7/05/2016,2.0,2.0,690.0,59.0,-37.7933,144.8408
ID158079210,5 Sophora Ct,3,h,1138000.0,8/07/2017,2.0,2.0,706.0,49.0,-37.77185,145.12509
ID150000050,3 Reynella Cl,4,h,1400000.0,24/06/2017,3.0,2.0,882.0,59.0,-37.85484,145.1989
ID525369156,101 Charles St,2,h,911000.0,22/07/2017,1.0,0.0,141.0,139.0,-37.805859999999996,144.99499
ID235014451,3/26 Middle Rd,2,t,570000.0,16/04/2016,1.0,2.0,98.0,10.0,-37.7677,144.8925
ID179022186,10 Talbot Av,3,h,1140000.0,3/09/2017,1.0,4.0,697.0,79.0,-37.92021,145.10442
ID893797339,1/53 Norman St,3,t,1060000.0,29/04/2017,0.0,0.0,219.0,39.0,-37.7679,145.0466
ID938849717,15 Murray St,4,h,3000000.0,18/03/2017,2.0,2.0,661.0,89.0,-37.8844,145.0117
ID430387820,18 Colchester Cct,3,h,580500.0,9/09/2017,2.0,2.0,568.0,16.0,-37.61562,144.92606
ID775306993,7 Adeney St,5,h,2400000.0,22/07/2017,4.0,2.0,742.0,39.0,-37.80218,145.10063
ID636908018,1/12 Hatfield Ct,4,u,530000.0,10/09/2016,2.0,1.0,0.0,49.0,-37.809,144.8686
ID942616203,39 Galloway St,3,h,632000.0,3/09/2017,1.0,2.0,544.0,24.0,-37.95135,145.19806
ID197223383,3/262 Reynard St,2,t,610000.0,8/10/2016,2.0,1.0,114.0,79.0,-37.7466,144.9482
ID599089459,4 Carrington St,4,h,1750000.0,22/07/2017,1.0,2.0,683.0,39.0,-37.80275,145.08411999999996
ID372699430,13/49 Haines St,2,u,475000.0,8/10/2016,1.0,1.0,0.0,13.0,-37.7988,144.9475
ID483847672,152 Park Dr,2,h,2200000.0,15/10/2016,2.0,1.0,190.0,144.0,-37.7928,144.9575
ID196164284,12 Gordon St,3,h,1040000.0,27/11/2016,1.0,2.0,595.0,13.0,-37.8394,144.8669
ID444288001,6 Staff St,4,h,920000.0,28/05/2016,1.0,0.0,274.0,79.0,-37.8039,144.8929
ID671218920,2/45 Caroline St,2,u,600000.0,8/07/2017,1.0,1.0,876.0,47.0,-37.83766,144.98799
ID130890092,1/132 Pascoe Vale Rd,4,t,726000.0,22/05/2016,2.0,1.0,67.0,19.0,-37.760999999999996,144.9262
ID116422756,4 Ananda Ct,3,h,711000.0,14/05/2016,1.0,2.0,658.0,59.0,-37.7147,145.0752
ID689243110,10 View Ct,4,h,737500.0,27/05/2017,2.0,2.0,704.0,15.0,-37.68175,144.74087
ID894381639,40 Freeman St,3,h,670000.0,4/06/2016,1.0,1.0,477.0,59.0,-37.8186,144.8736
ID964891983,1/75 Lillimur Rd,2,u,475000.0,19/11/2016,1.0,1.0,0.0,8.0,-37.8986,145.042
ID447675771,111/18 Bent St,2,u,631090.0,27/06/2016,2.0,1.0,2136.0,7.0,-37.7956,144.935
ID151585314,118 Westgarth St,3,h,1500000.0,30/07/2016,1.0,8.0,727.0,119.0,-37.7825,145.0072
ID533642165,1 Braemar St,3,h,1505000.0,30/07/2016,2.0,2.0,625.0,59.0,-37.7489,144.9073
ID679422724,73 Brighton St,2,h,1340000.0,12/11/2016,1.0,0.0,178.0,19.0,-37.8289,144.9992
ID644537130,64 Waranga St,4,h,930000.0,8/07/2017,2.0,1.0,830.0,39.0,-37.942640000000004,145.21786
ID290928756,3/1 Edinburgh St,3,u,810000.0,15/10/2016,1.0,1.0,195.0,59.0,-37.9396,145.0156
ID390954843,1A Kawarren St,3,h,1360000.0,12/08/2017,2.0,2.0,424.0,64.0,-37.78617,145.09202
ID619824745,316 Rossmoyne St,3,h,1375000.0,3/09/2017,2.0,3.0,530.0,69.0,-37.759679999999996,145.02305
ID751625089,1/76 Queen St,2,u,801250.0,26/08/2017,1.0,1.0,245.0,139.0,-37.870459999999994,144.83482
ID322970526,76 Hansworth St,3,h,850000.0,16/09/2017,1.0,2.0,648.0,49.0,-37.93134000000001,145.17584
ID753845297,11 Howard St,3,h,2080000.0,22/04/2017,2.0,2.0,693.0,94.0,-37.8229,145.1217
ID165506737,126 Smith St,3,h,1380000.0,28/08/2016,2.0,1.0,359.0,99.0,-37.7565,144.9906
ID442032870,10 Yuluma Ct,4,h,600500.0,22/07/2017,2.0,2.0,580.0,59.0,-38.13805,145.16668
ID722578081,2/13 Alexander St,1,u,366000.0,16/07/2016,1.0,1.0,0.0,49.0,-37.796,144.9911
ID640308746,69 Watt St,3,h,985000.0,12/06/2016,1.0,5.0,669.0,69.0,-37.8321,144.8736
ID943291820,13 Cavendish Dr,3,h,557000.0,8/07/2017,1.0,2.0,539.0,34.0,-37.76545,144.76458
ID624408067,1A Maple St,2,t,990000.0,20/05/2017,1.0,1.0,257.0,99.0,-37.8259,145.1282
ID349727400,23 Lygon St,2,h,825000.0,16/04/2016,1.0,1.0,367.0,89.0,-37.8995,145.0241
ID271099200,29 Gillespie Rd,3,h,626000.0,19/08/2017,1.0,2.0,557.0,34.0,-37.734970000000004,144.7864
ID940375840,1/57 Blyth St,3,u,730000.0,16/04/2016,2.0,1.0,70.0,29.0,-37.868,144.8287
ID493623857,43 Green Av,3,h,740000.0,15/07/2017,1.0,2.0,633.0,44.0,-37.71402,145.0314
ID324332126,5 Athol Ct,3,h,650000.0,12/08/2017,3.0,2.0,1060.0,19.0,-38.15752,145.19127
ID197330449,45 Cityview Rd,4,h,1750000.0,6/08/2016,3.0,3.0,667.0,6.0,-37.7898,145.079
ID706744058,13 Whitby St,3,h,767000.0,19/11/2016,1.0,2.0,561.0,69.0,-37.7098,145.0031
ID459942327,44 Devereaux St,3,h,706000.0,7/11/2016,1.0,0.0,715.0,59.0,-37.7143,144.9092
ID649065040,31 Carrolls La,3,h,535000.0,12/08/2017,1.0,0.0,4000.0,21.0,-37.50087,144.48571
ID513623490,72 Bloomfield Rd,2,h,1020000.0,13/05/2017,1.0,1.0,226.0,99.0,-37.7761,144.9165
ID712229561,5 Halpin St,3,h,1200000.0,4/06/2016,1.0,1.0,600.0,49.0,-37.769,144.9478
ID775306993,7 Adeney St,5,h,2400000.0,22/07/2017,4.0,2.0,742.0,39.0,-37.80218,145.10063
ID516442034,163 Rowans Rd,3,h,836000.0,3/12/2016,1.0,4.0,695.0,49.0,-37.9364,145.0559
ID902539378,6/2 Tintern Av,2,u,920000.0,22/07/2017,2.0,1.0,0.0,84.0,-37.841390000000004,145.00678
ID964999923,19 Audley St,4,h,1136000.0,18/03/2017,3.0,1.0,420.0,99.0,-37.7501,144.96200000000005
ID599171064,91A Bayswater Rd,3,h,1250000.0,24/06/2017,1.0,2.0,340.0,29.0,-37.79436,144.92158
ID338969543,45 Stanley St,2,h,1220000.0,12/08/2017,1.0,2.0,829.0,59.0,-37.71259000000001,144.91218999999995
ID138885407,2/92 Clarence St,3,t,1000000.0,13/05/2017,2.0,2.0,265.0,8.0,-37.8924,145.0154
ID530775681,22 Hickford St,2,h,1283000.0,13/05/2017,1.0,1.0,263.0,109.0,-37.7661,144.9742
ID552295189,19/37 Stephen St,3,h,920000.0,12/08/2017,2.0,2.0,182.0,6.0,-37.812490000000004,144.89531000000005
